"chromosome","GeneID","GOterms"
1,"TCS-812","Extracellular matriorganization"
5,"TCS-3380","DNA repair"
4,"TCS-983","Platelet activation"
9,"TCS-137","Response to wounding"
2,"TCS-2863","Response to hormone"
2,"TCS-4075","Response to cold"
1,"TCS-4903","Response to stimulus"
1,"TCS-1866","Regulation of transcription, DNA-templated"
9,"TCS-2315","Immune system process"
1,"TCS-2858","Translation"
2,"TCS-404","Fertilization"
4,"TCS-4752","Thermoregulation"
2,"TCS-125","Protein metabolic process"
4,"TCS-3649","Stem cell differentiation"
1,"TCS-271","Blood coagulation"
6,"TCS-1590","Oocyte development"
1,"TCS-4135","Localization"
1,"TCS-1385","Cellular metabolic process"
1,"TCS-1534","Protein metabolic process"
5,"TCS-3108","Meiosis"
1,"TCS-4474","Bone mineralization"
1,"TCS-2685","Cell communication"
10,"TCS-1855","Cell differentiation"
3,"TCS-4395","Signal transduction"
6,"TCS-1810","Ribosome biogenesis"
6,"TCS-4206","Protein catabolic process"
1,"TCS-1208","T cell activation"
2,"TCS-2470","Regulation of gene expression"
2,"TCS-3862","Signal transduction"
5,"TCS-702","Muscle contraction"
6,"TCS-2495","Tissue development"
1,"TCS-1452","Learning or memory"
2,"TCS-4148","Cellular response to heat"
1,"TCS-2290","Cell communication"
1,"TCS-4092","Response to cold"
4,"TCS-2522","Cellular respiration"
4,"TCS-3143","T cell activation"
3,"TCS-800","Neurogenesis"
3,"TCS-3350","Spermatogenesis"
1,"TCS-3258","Biological regulation"
1,"TCS-4597","Response to cold"
2,"TCS-2425","Muscle contraction"
5,"TCS-195","RNA processing"
2,"TCS-133","Regulation of gene expression"
10,"TCS-4537","Reproductive structure development"
6,"TCS-294","Regulation of signaling"
5,"TCS-593","Antigen processing and presentation"
2,"TCS-731","Spermatogenesis"
8,"TCS-1419","Organ development"
1,"TCS-3571","Extracellular matriorganization"
3,"TCS-3320","Axon guidance"
2,"TCS-2279","Regulation of gene expression"
7,"TCS-2419","Ribosome biogenesis"
1,"TCS-4265","Autophagy"
2,"TCS-3241","Cellular respiration"
3,"TCS-951","Exocytosis"
5,"TCS-4223","Detoxification"
3,"TCS-3053","T cell activation"
4,"TCS-1651","Angiogenesis"
5,"TCS-3284","Autophagy"
2,"TCS-1030","Muscle contraction"
2,"TCS-719","Signal transduction by p53 class mediator"
9,"TCS-1053","Autophagy"
7,"TCS-4719","Regulation of translation"
8,"TCS-227","B cell activation"
5,"TCS-1146","Negative regulation of transcription"
4,"TCS-4410","Regulation of gene expression"
1,"TCS-2462","Response to wounding"
1,"TCS-1536","Pigmentation"
2,"TCS-1101","Cellular respiration"
6,"TCS-3967","Mitosis"
7,"TCS-2072","Regulation of signaling"
2,"TCS-4498","Cellular respiration"
1,"TCS-3274","Cellular response to stress"
1,"TCS-1369","Embryo development"
7,"TCS-1593","Aging"
2,"TCS-2079","Cellular response to DNA damage stimulus"
2,"TCS-4189","DNA replication"
1,"TCS-4895","Circadian rhythm"
5,"TCS-4515","Regulation of biological process"
1,"TCS-4710","Cellular process"
8,"TCS-47","Reproductive structure development"
2,"TCS-4063","Regulation of gene expression"
2,"TCS-4599","Cell cycle"
1,"TCS-4429","Developmental process"
9,"TCS-3329","Cell cycle"
4,"TCS-807","Transport"
1,"TCS-1552","Lipid metabolic process"
9,"TCS-3671","Immune response"
5,"TCS-3975","Blood coagulation"
8,"TCS-2352","Immune response"
1,"TCS-4773","Developmental process"
1,"TCS-4158","Autophagy"
2,"TCS-1080","Protein folding"
3,"TCS-461","Lipid metabolic process"
4,"TCS-4950","Inflammatory response"
1,"TCS-1013","Cell communication"
10,"TCS-4488","Regulation of translation"
4,"TCS-223","Neuron differentiation"
5,"TCS-932","Inflammatory response"
9,"TCS-409","Cellular response to stress"
3,"TCS-4800","Reproductive structure development"
10,"TCS-1849","Positive regulation of transcription by RNA polymerase II"
4,"TCS-4176","Circadian rhythm"
2,"TCS-3749","Organ regeneration"
1,"TCS-4668","Protein folding"
1,"TCS-2746","Fertilization"
3,"TCS-3096","Fertilization"
3,"TCS-4246","Reproductive structure development"
3,"TCS-4428","Cellular respiration"
1,"TCS-419","Signal transduction by p53 class mediator"
7,"TCS-4961","Response to UV"
2,"TCS-4113","Response to UV"
8,"TCS-338","Carbohydrate metabolic process"
6,"TCS-4975","Regulation of translation"
5,"TCS-265","Thermoregulation"
8,"TCS-4247","Regulation of biological process"
7,"TCS-842","Neurogenesis"
2,"TCS-3584","Apoptotic process"
4,"TCS-3986","Tissue development"
1,"TCS-2557","Thermoregulation"
2,"TCS-1178","Metabolic process"
3,"TCS-1681","Translation"
5,"TCS-710","Circadian rhythm"
8,"TCS-168","Vesicle-mediated transport"
2,"TCS-1175","Vesicle-mediated transport"
1,"TCS-2138","Cellular response to DNA damage stimulus"
9,"TCS-4829","Circadian rhythm"
2,"TCS-1281","Synaptic vesicle recycling"
2,"TCS-1952","Antigen processing and presentation"
2,"TCS-3369","Cellular response to DNA damage stimulus"
2,"TCS-3354","Nucleotide metabolic process"
10,"TCS-3341","Response to oxidative stress"
5,"TCS-4085","Metabolic process"
1,"TCS-2525","Spermatogenesis"
5,"TCS-4695","Response to oxidative stress"
5,"TCS-2249","Antigen processing and presentation"
5,"TCS-4460","Cell division"
7,"TCS-3788","Chemotaxis"
2,"TCS-3620","Regulation of biological process"
10,"TCS-985","Regulation of signaling"
3,"TCS-1586","Spermatogenesis"
5,"TCS-261","Tissue development"
9,"TCS-3773","Response to cold"
2,"TCS-3335","Cell communication"
1,"TCS-4070","Oocyte development"
1,"TCS-2040","Cellular metabolic process"
6,"TCS-4354","Synaptic vesicle recycling"
4,"TCS-913","Protein catabolic process"
1,"TCS-1611","Wound healing"
4,"TCS-3684","Ribosome biogenesis"
3,"TCS-472","Spermatogenesis"
1,"TCS-4884","Cell communication"
2,"TCS-3450","Antigen processing and presentation"
1,"TCS-4110","Blood coagulation"
3,"TCS-3621","Photosynthesis"
1,"TCS-3356","Inflammatory response"
4,"TCS-1263","Platelet activation"
1,"TCS-84","Chromosome segregation"
1,"TCS-3490","Synaptic vesicle recycling"
2,"TCS-3700","Cell cycle"
2,"TCS-2652","Oocyte development"
4,"TCS-2011","Reproductive process"
3,"TCS-4422","T cell activation"
4,"TCS-2093","Protein metabolic process"
5,"TCS-3787","Platelet activation"
2,"TCS-2925","Cellular metabolic process"
1,"TCS-2304","Inflammatory response"
2,"TCS-2196","Signal transduction"
3,"TCS-3613","Cell division"
1,"TCS-2506","Oocyte development"
2,"TCS-1589","Wound healing"
1,"TCS-1930","Cell communication"
4,"TCS-3910","Blood coagulation"
2,"TCS-2720","RNA processing"
1,"TCS-3102","Spermatogenesis"
4,"TCS-1292","Endocytosis"
7,"TCS-4546","Apoptotic process"
10,"TCS-4648","Regulation of biological process"
2,"TCS-1398","Axon guidance"
8,"TCS-464","Pigmentation"
5,"TCS-251","Response to wounding"
5,"TCS-2484","Extracellular matriorganization"
2,"TCS-3390","Neurogenesis"
1,"TCS-2900","Lipid metabolic process"
4,"TCS-3837","B cell activation"
1,"TCS-1228","Regulation of translation"
2,"TCS-1698","Oocyte development"
6,"TCS-2188","Blood coagulation"
1,"TCS-1137","Negative regulation of transcription"
5,"TCS-2949","Circadian rhythm"
7,"TCS-3155","Signal transduction by p53 class mediator"
2,"TCS-4126","Multicellular organismal process"
6,"TCS-4264","Cellular response to stress"
6,"TCS-3002","Nucleotide metabolic process"
1,"TCS-4682","Fertilization"
5,"TCS-2890","Stem cell differentiation"
3,"TCS-2602","Cell cycle"
1,"TCS-2874","Apoptotic process"
9,"TCS-873","Bone mineralization"
2,"TCS-4819","Drug metabolism"
7,"TCS-2540","Immune response"
1,"TCS-2843","Circadian rhythm"
9,"TCS-4454","Response to stimulus"
1,"TCS-246","Hair follicle development"
2,"TCS-2645","Endocytosis"
1,"TCS-4684","Carbohydrate metabolic process"
5,"TCS-1231","Angiogenesis"
7,"TCS-2431","Drug metabolism"
1,"TCS-4937","Regulation of transcription, DNA-templated"
4,"TCS-569","Embryo development"
1,"TCS-1736","Cell communication"
4,"TCS-2384","Bone mineralization"
2,"TCS-1000","Response to cold"
1,"TCS-3100","Immune system process"
1,"TCS-3452","Cell cycle"
4,"TCS-1716","Regulation of biological process"
4,"TCS-729","Metabolic process"
2,"TCS-4370","Embryo development"
7,"TCS-3811","Exocytosis"
3,"TCS-210","Regulation of signaling"
2,"TCS-2886","Transcription, DNA-templated"
6,"TCS-405","Immune response"
4,"TCS-293","Organ regeneration"
1,"TCS-479","Response to cold"
7,"TCS-2958","Cell adhesion"
2,"TCS-3753","Lipid metabolic process"
7,"TCS-2959","Regulation of biological process"
1,"TCS-529","Cell division"
5,"TCS-4689","Reproductive process"
2,"TCS-224","Cellular process"
3,"TCS-4854","Immune response"
1,"TCS-4325","Hemostasis"
1,"TCS-797","Muscle contraction"
1,"TCS-535","Amino acid metabolic process"
6,"TCS-1019","Multicellular organismal process"
1,"TCS-2918","Chemotaxis"
10,"TCS-1587","Transport"
7,"TCS-1183","Oocyte development"
1,"TCS-3937","Blood coagulation"
1,"TCS-4242","Apoptotic process"
10,"TCS-2337","Chemotaxis"
3,"TCS-4282","Transport"
5,"TCS-2717","RNA processing"
10,"TCS-1056","Fertilization"
9,"TCS-361","Response to hormone"
2,"TCS-2924","Regulation of translation"
2,"TCS-2881","Hemostasis"
9,"TCS-3027","Drug metabolism"
1,"TCS-3984","Chemotaxis"
1,"TCS-699","Transport"
5,"TCS-3045","Antigen processing and presentation"
2,"TCS-2318","Learning or memory"
2,"TCS-945","Immune system process"
8,"TCS-2412","Cellular respiration"
1,"TCS-277","Ribosome biogenesis"
3,"TCS-4826","Developmental process"
7,"TCS-4728","Cell adhesion"
1,"TCS-1728","Cell differentiation"
5,"TCS-2174","Platelet activation"
3,"TCS-4751","B cell activation"
1,"TCS-2459","DNA replication"
6,"TCS-1205","Translation"
2,"TCS-377","DNA replication"
3,"TCS-4448","Signal transduction"
2,"TCS-1476","Detoxification"
4,"TCS-1241","Negative regulation of transcription"
5,"TCS-1844","Photosynthesis"
1,"TCS-4296","Response to cold"
1,"TCS-2148","Endocytosis"
4,"TCS-1584","Cell communication"
5,"TCS-990","Cell communication"
4,"TCS-4666","Regulation of translation"
2,"TCS-3233","Immune response"
1,"TCS-2532","Aging"
1,"TCS-3122","Protein catabolic process"
6,"TCS-863","Reproductive structure development"
1,"TCS-256","Signal transduction by p53 class mediator"
2,"TCS-2416","Vascular development"
1,"TCS-4290","Mitosis"
7,"TCS-3154","Axon guidance"
10,"TCS-3289","Spliceosomal compleassembly"
1,"TCS-3966","Multicellular organismal process"
7,"TCS-2763","Cell migration"
10,"TCS-2980","Ribosome biogenesis"
2,"TCS-416","Developmental process"
5,"TCS-3686","Fertilization"
1,"TCS-4257","DNA repair"
8,"TCS-1531","Fertilization"
2,"TCS-1896","Spermatogenesis"
9,"TCS-3764","Cell migration"
3,"TCS-3185","Transcription, DNA-templated"
1,"TCS-138","Aging"
3,"TCS-4202","Spliceosomal compleassembly"
4,"TCS-4615","Blood coagulation"
1,"TCS-2124","Pigmentation"
3,"TCS-60","Lipid metabolic process"
1,"TCS-3137","Organ regeneration"
9,"TCS-3058","Reproductive structure development"
5,"TCS-2379","Cell migration"
2,"TCS-3930","T cell activation"
6,"TCS-3204","DNA replication"
9,"TCS-4512","Exocytosis"
1,"TCS-406","Cellular process"
1,"TCS-1330","Regulation of transcription, DNA-templated"
1,"TCS-2489","Protein folding"
2,"TCS-2563","Neuron differentiation"
1,"TCS-1128","Angiogenesis"
7,"TCS-260","Organ development"
2,"TCS-3395","Chromosome segregation"
6,"TCS-2455","Transcription, DNA-templated"
7,"TCS-3305","Regulation of signaling"
1,"TCS-2055","Response to stimulus"
4,"TCS-1220","B cell activation"
1,"TCS-3322","Negative regulation of transcription"
1,"TCS-3886","Transport"
2,"TCS-1946","Immune response"
7,"TCS-3701","Cellular respiration"
9,"TCS-71","Spliceosomal compleassembly"
4,"TCS-1591","Cellular process"
6,"TCS-1065","Hormone metabolic process"
4,"TCS-1923","Hormone metabolic process"
7,"TCS-898","T cell activation"
2,"TCS-2208","Tissue development"
10,"TCS-4982","Hemostasis"
3,"TCS-1684","Autophagy"
1,"TCS-1134","DNA replication"
1,"TCS-1956","Amino acid metabolic process"
6,"TCS-4978","Cell communication"
1,"TCS-3493","Embryo development"
1,"TCS-139","Organ development"
1,"TCS-4671","Reproductive structure development"
9,"TCS-4026","T cell activation"
2,"TCS-3265","Hormone metabolic process"
1,"TCS-1107","Signal transduction"
2,"TCS-1783","Signal transduction"
6,"TCS-4693","Bone mineralization"
1,"TCS-2142","Signal transduction"
1,"TCS-663","Regulation of biological process"
7,"TCS-1511","Chemotaxis"
1,"TCS-3598","Chemotaxis"
6,"TCS-3831","Stem cell differentiation"
5,"TCS-2472","Synaptic vesicle recycling"
10,"TCS-4380","Glycolysis"
1,"TCS-389","Organ development"
1,"TCS-3969","Exocytosis"
1,"TCS-3622","Developmental process"
2,"TCS-4006","Response to UV"
9,"TCS-2042","Cell adhesion"
2,"TCS-3575","Developmental process"
4,"TCS-1455","Glycolysis"
1,"TCS-901","Circadian rhythm"
1,"TCS-4806","Axon guidance"
8,"TCS-4016","Protein catabolic process"
2,"TCS-4491","Metabolic process"
1,"TCS-341","Cellular response to stress"
4,"TCS-1199","Endocytosis"
1,"TCS-3398","Response to hormone"
3,"TCS-2723","Immune system process"
2,"TCS-4938","Cellular response to stress"
2,"TCS-2974","Response to UV"
3,"TCS-773","Glycolysis"
1,"TCS-4812","Cellular response to stress"
5,"TCS-4278","Translation"
3,"TCS-4302","Extracellular matriorganization"
5,"TCS-2689","Cellular respiration"
1,"TCS-1916","Inflammatory response"
5,"TCS-2909","Bone mineralization"
1,"TCS-4985","Response to hormone"
1,"TCS-3663","Hemostasis"
1,"TCS-4906","Hemostasis"
2,"TCS-515","Protein metabolic process"
8,"TCS-290","Synaptic transmission"
2,"TCS-697","Positive regulation of transcription by RNA polymerase II"
1,"TCS-2259","Platelet activation"
1,"TCS-2410","Signal transduction"
1,"TCS-3052","Spermatogenesis"
3,"TCS-2519","Vascular development"
8,"TCS-358","Cell differentiation"
1,"TCS-4584","Cell division"
7,"TCS-1739","Reproductive structure development"
1,"TCS-3922","Response to wounding"
2,"TCS-2100","B cell activation"
1,"TCS-165","Immune system process"
9,"TCS-3508","Regulation of biological process"
1,"TCS-3696","T cell activation"
10,"TCS-4356","B cell activation"
1,"TCS-3595","Synaptic transmission"
2,"TCS-2976","Cell communication"
1,"TCS-707","Inflammatory response"
8,"TCS-2162","Tissue development"
6,"TCS-3914","Tissue development"
10,"TCS-658","Developmental process"
1,"TCS-3719","Response to hormone"
8,"TCS-1910","Hemostasis"
1,"TCS-1601","Response to oxidative stress"
2,"TCS-2901","Vesicle-mediated transport"
3,"TCS-1757","Extracellular matriorganization"
2,"TCS-3063","Spliceosomal compleassembly"
3,"TCS-3806","Regulation of biological process"
5,"TCS-1959","Regulation of gene expression"
1,"TCS-3064","Thermoregulation"
1,"TCS-2561","Fertilization"
6,"TCS-1895","Spliceosomal compleassembly"
7,"TCS-3050","Apoptotic process"
2,"TCS-4186","Muscle contraction"
7,"TCS-4101","Immune response"
1,"TCS-4504","Exocytosis"
2,"TCS-1641","Cellular response to stress"
3,"TCS-4154","Thermoregulation"
6,"TCS-4843","Cell division"
10,"TCS-2877","Cell cycle"
2,"TCS-2179","Glycolysis"
9,"TCS-2025","Fertilization"
1,"TCS-575","Protein folding"
1,"TCS-2653","Reproductive process"
7,"TCS-4699","Autophagy"
5,"TCS-1766","B cell activation"
3,"TCS-2921","Cellular respiration"
8,"TCS-1903","Localization"
4,"TCS-1800","RNA processing"
3,"TCS-3673","Synaptic transmission"
1,"TCS-1337","Protein catabolic process"
1,"TCS-252","Circadian rhythm"
10,"TCS-4030","Tissue development"
3,"TCS-2137","Chemotaxis"
2,"TCS-3614","Signal transduction by p53 class mediator"
10,"TCS-603","Spliceosomal compleassembly"
1,"TCS-513","Chemotaxis"
4,"TCS-1084","Immune system process"
2,"TCS-1234","Hormone metabolic process"
1,"TCS-610","Platelet activation"
1,"TCS-1057","T cell activation"
4,"TCS-2531","Apoptotic process"
1,"TCS-2770","Wound healing"
1,"TCS-3095","Response to wounding"
1,"TCS-3898","Extracellular matriorganization"
5,"TCS-4489","Platelet activation"
1,"TCS-790","Cellular respiration"
1,"TCS-2511","Hormone metabolic process"
3,"TCS-4783","Cell communication"
2,"TCS-2064","Reproductive process"
8,"TCS-1046","Synaptic vesicle recycling"
4,"TCS-4337","Response to UV"
5,"TCS-422","Response to cold"
5,"TCS-1656","Synaptic transmission"
5,"TCS-3543","DNA repair"
1,"TCS-3236","Signal transduction"
10,"TCS-100","Cellular response to DNA damage stimulus"
7,"TCS-3010","Circadian rhythm"
3,"TCS-1768","Angiogenesis"
4,"TCS-432","Detoxification"
2,"TCS-3730","Cellular respiration"
1,"TCS-2775","Angiogenesis"
1,"TCS-161","Metabolic process"
1,"TCS-3917","Skin development"
3,"TCS-2952","Response to cold"
1,"TCS-3654","Regulation of gene expression"
4,"TCS-4657","Synaptic vesicle recycling"
5,"TCS-1640","Negative regulation of transcription"
1,"TCS-3442","Amino acid metabolic process"
6,"TCS-1881","Fertilization"
4,"TCS-2514","Fertilization"
1,"TCS-1060","Translation"
2,"TCS-1422","Immune response"
10,"TCS-4810","Biological regulation"
2,"TCS-2430","Negative regulation of transcription"
1,"TCS-131","Fertilization"
1,"TCS-3724","Response to wounding"
1,"TCS-4091","Immune system process"
1,"TCS-3690","Antigen processing and presentation"
2,"TCS-3683","Protein catabolic process"
4,"TCS-2216","Cell division"
1,"TCS-3476","Regulation of biological process"
5,"TCS-2829","Protein folding"
4,"TCS-1498","Aging"
1,"TCS-3971","Response to oxidative stress"
1,"TCS-2505","Extracellular matriorganization"
6,"TCS-518","Cellular response to hypoxia"
1,"TCS-955","Negative regulation of transcription"
4,"TCS-1173","Angiogenesis"
8,"TCS-4986","Developmental process"
6,"TCS-3885","Blood coagulation"
1,"TCS-4539","Signal transduction"
7,"TCS-1487","Response to hormone"
3,"TCS-1557","Regulation of metabolic process"
1,"TCS-1719","Autophagy"
6,"TCS-838","Immune system process"
7,"TCS-2611","DNA replication"
4,"TCS-247","Response to stimulus"
2,"TCS-1257","Blood coagulation"
1,"TCS-2593","T cell activation"
8,"TCS-2784","Circadian rhythm"
8,"TCS-360","Endocytosis"
3,"TCS-2392","B cell activation"
2,"TCS-3688","Hair follicle development"
2,"TCS-3904","Circadian rhythm"
3,"TCS-1568","Hormone metabolic process"
5,"TCS-946","Cellular response to hypoxia"
2,"TCS-2413","Pigmentation"
5,"TCS-2103","Cellular response to heat"
3,"TCS-3030","Transport"
10,"TCS-3589","Organ development"
2,"TCS-1646","DNA replication"
2,"TCS-1472","Ribosome biogenesis"
6,"TCS-2437","Nucleotide metabolic process"
1,"TCS-4424","Photosynthesis"
6,"TCS-124","Vascular development"
1,"TCS-2675","DNA repair"
4,"TCS-759","Response to wounding"
2,"TCS-2002","Cell communication"
8,"TCS-1123","Meiosis"
1,"TCS-2988","Reproductive structure development"
4,"TCS-519","Immune system process"
3,"TCS-3021","Axon guidance"
9,"TCS-2359","Mitosis"
3,"TCS-713","Platelet activation"
1,"TCS-2036","Angiogenesis"
10,"TCS-4253","Synaptic vesicle recycling"
6,"TCS-2883","Response to hormone"
3,"TCS-3591","Cellular response to heat"
1,"TCS-2571","Spermatogenesis"
1,"TCS-933","Cellular process"
4,"TCS-3089","Cellular respiration"
1,"TCS-3166","Multicellular organismal process"
5,"TCS-2303","Detoxification"
9,"TCS-2376","Regulation of gene expression"
3,"TCS-191","Angiogenesis"
1,"TCS-524","Response to hormone"
4,"TCS-3477","Drug metabolism"
10,"TCS-1003","Antigen processing and presentation"
1,"TCS-2278","Angiogenesis"
2,"TCS-2355","Multicellular organismal process"
5,"TCS-3447","Neurogenesis"
7,"TCS-1365","Oocyte development"
4,"TCS-3300","Axon guidance"
8,"TCS-1992","Inflammatory response"
4,"TCS-4274","Synaptic vesicle recycling"
1,"TCS-3340","Cellular response to hypoxia"
1,"TCS-994","Cell communication"
1,"TCS-3704","Regulation of gene expression"
3,"TCS-4679","Neuron differentiation"
3,"TCS-1825","Reproductive structure development"
3,"TCS-4267","Regulation of signaling"
1,"TCS-1381","Blood coagulation"
6,"TCS-3720","Aging"
10,"TCS-4754","Regulation of gene expression"
1,"TCS-1761","DNA replication"
5,"TCS-2656","Angiogenesis"
6,"TCS-2212","Exocytosis"
5,"TCS-705","Spliceosomal compleassembly"
3,"TCS-981","Bone mineralization"
1,"TCS-1876","Response to cold"
1,"TCS-1802","Endocytosis"
1,"TCS-3944","Protein folding"
1,"TCS-2864","Thermoregulation"
10,"TCS-1894","Pigmentation"
8,"TCS-4483","Cellular respiration"
3,"TCS-1045","Cellular response to DNA damage stimulus"
2,"TCS-3406","Signal transduction"
1,"TCS-3259","Cellular response to hypoxia"
8,"TCS-3909","Nucleotide metabolic process"
1,"TCS-675","Response to wounding"
1,"TCS-1845","Meiosis"
1,"TCS-4256","Platelet activation"
2,"TCS-4953","Detoxification"
8,"TCS-3495","Circadian rhythm"
3,"TCS-4509","Developmental process"
1,"TCS-3170","Regulation of signaling"
5,"TCS-3928","Response to wounding"
1,"TCS-3238","Bone mineralization"
1,"TCS-4044","Regulation of transcription, DNA-templated"
8,"TCS-4897","Exocytosis"
4,"TCS-3465","Multicellular organismal process"
2,"TCS-4493","Transcription, DNA-templated"
7,"TCS-4153","Detoxification"
9,"TCS-4214","Cell adhesion"
8,"TCS-2370","Synaptic vesicle recycling"
3,"TCS-4595","Endocytosis"
6,"TCS-4790","Platelet activation"
4,"TCS-244","Synaptic vesicle recycling"
2,"TCS-3360","Angiogenesis"
1,"TCS-3457","Regulation of signaling"
1,"TCS-155","Cellular response to DNA damage stimulus"
7,"TCS-1559","Pigmentation"
2,"TCS-3078","Reproductive structure development"
1,"TCS-1594","Platelet activation"
9,"TCS-671","Response to hormone"
1,"TCS-2365","Cellular response to DNA damage stimulus"
6,"TCS-1933","Fertilization"
4,"TCS-3125","RNA processing"
1,"TCS-1298","Autophagy"
2,"TCS-3363","Response to cold"
1,"TCS-993","Circadian rhythm"
4,"TCS-4336","Cell migration"
8,"TCS-335","Cell cycle"
1,"TCS-3033","Regulation of translation"
6,"TCS-3564","Autophagy"
2,"TCS-1321","DNA repair"
3,"TCS-3593","Cellular metabolic process"
2,"TCS-3073","Organ development"
1,"TCS-2575","Organ development"
5,"TCS-2343","Response to wounding"
3,"TCS-3195","Response to stimulus"
2,"TCS-2346","Protein metabolic process"
1,"TCS-2023","Inflammatory response"
2,"TCS-3149","Extracellular matriorganization"
6,"TCS-3579","Circadian rhythm"
6,"TCS-3706","Synaptic vesicle recycling"
10,"TCS-2052","Protein catabolic process"
1,"TCS-3789","Immune response"
2,"TCS-4996","Antigen processing and presentation"
1,"TCS-538","Cell communication"
2,"TCS-3639","Synaptic transmission"
2,"TCS-3828","Vesicle-mediated transport"
2,"TCS-764","Inflammatory response"
2,"TCS-1670","Stem cell differentiation"
9,"TCS-1846","Meiosis"
2,"TCS-1504","Response to cold"
7,"TCS-3179","Reproductive structure development"
1,"TCS-3403","Axon guidance"
1,"TCS-3035","Fertilization"
2,"TCS-2936","Cellular response to DNA damage stimulus"
1,"TCS-3619","Cell cycle"
2,"TCS-4145","Hemostasis"
1,"TCS-1021","Multicellular organismal process"
3,"TCS-1201","B cell activation"
2,"TCS-318","Bone mineralization"
1,"TCS-1578","Multicellular organismal process"
1,"TCS-1088","RNA processing"
2,"TCS-4749","Cellular response to stress"
1,"TCS-3468","Signal transduction by p53 class mediator"
1,"TCS-862","Reproductive process"
1,"TCS-1538","Cell cycle"
4,"TCS-2454","Cellular process"
3,"TCS-1563","Thermoregulation"
1,"TCS-3231","Embryo development"
1,"TCS-2009","Synaptic vesicle recycling"
7,"TCS-2396","Hormone metabolic process"
1,"TCS-3876","Blood coagulation"
1,"TCS-4389","Exocytosis"
2,"TCS-1376","Developmental process"
7,"TCS-1454","Mitosis"
8,"TCS-4411","Signal transduction"
1,"TCS-378","Cell cycle"
2,"TCS-3427","Extracellular matriorganization"
1,"TCS-2824","Skin development"
1,"TCS-3451","Cellular process"
1,"TCS-2993","Neurogenesis"
4,"TCS-2660","Regulation of transcription, DNA-templated"
1,"TCS-3234","Signal transduction by p53 class mediator"
1,"TCS-4558","Translation"
1,"TCS-3337","DNA replication"
2,"TCS-166","DNA replication"
1,"TCS-3022","Cell migration"
2,"TCS-968","Cell division"
1,"TCS-3193","Immune system process"
1,"TCS-4904","Apoptotic process"
1,"TCS-2385","Angiogenesis"
1,"TCS-4203","Reproductive structure development"
5,"TCS-3940","Hormone metabolic process"
1,"TCS-2634","Regulation of signaling"
3,"TCS-1119","Platelet activation"
9,"TCS-2335","Exocytosis"
10,"TCS-4831","Spermatogenesis"
8,"TCS-2205","Organ regeneration"
4,"TCS-2306","Neuron differentiation"
1,"TCS-1340","Multicellular organismal process"
4,"TCS-3227","Signal transduction by p53 class mediator"
1,"TCS-1277","Embryo development"
2,"TCS-3196","Response to oxidative stress"
6,"TCS-102","Cellular respiration"
10,"TCS-2022","Cell adhesion"
2,"TCS-4875","Aging"
7,"TCS-322","Organ development"
4,"TCS-303","T cell activation"
1,"TCS-3682","Synaptic transmission"
5,"TCS-3505","Hair follicle development"
3,"TCS-3823","Neurogenesis"
9,"TCS-3431","Thermoregulation"
5,"TCS-1622","Cell communication"
2,"TCS-2873","Negative regulation of transcription"
1,"TCS-1742","DNA replication"
8,"TCS-2432","Photosynthesis"
3,"TCS-2354","Cellular respiration"
1,"TCS-1135","Cell communication"
3,"TCS-2375","Regulation of signaling"
2,"TCS-3741","Cell division"
1,"TCS-1344","Platelet activation"
1,"TCS-4575","Organ development"
1,"TCS-4182","Cell adhesion"
10,"TCS-4013","Cellular respiration"
2,"TCS-103","Skin development"
2,"TCS-2897","Synaptic vesicle recycling"
2,"TCS-1313","Multicellular organismal process"
1,"TCS-3318","Skin development"
3,"TCS-3209","Transport"
10,"TCS-90","Autophagy"
1,"TCS-4916","Fertilization"
6,"TCS-562","Translation"
1,"TCS-3935","Neurogenesis"
10,"TCS-4890","Lipid metabolic process"
6,"TCS-1636","Meiosis"
2,"TCS-2357","Cell migration"
2,"TCS-2422","Chemotaxis"
2,"TCS-136","Response to wounding"
2,"TCS-2814","Hair follicle development"
3,"TCS-565","Signal transduction by p53 class mediator"
1,"TCS-345","Aging"
7,"TCS-4538","Angiogenesis"
3,"TCS-4874","Extracellular matriorganization"
3,"TCS-1345","Response to hormone"
1,"TCS-4181","Signal transduction"
7,"TCS-4393","Response to wounding"
7,"TCS-1509","Cellular respiration"
3,"TCS-597","Multicellular organismal process"
4,"TCS-4662","Cell division"
7,"TCS-2872","Regulation of translation"
4,"TCS-4898","Translation"
5,"TCS-4260","Cell migration"
7,"TCS-1159","Reproductive structure development"
9,"TCS-3188","Regulation of transcription, DNA-templated"
1,"TCS-2640","Regulation of gene expression"
5,"TCS-320","Thermoregulation"
3,"TCS-3903","Cell migration"
2,"TCS-2146","Protein folding"
5,"TCS-1931","Positive regulation of transcription by RNA polymerase II"
1,"TCS-1391","Angiogenesis"
1,"TCS-362","DNA repair"
6,"TCS-1760","Blood coagulation"
1,"TCS-2460","Apoptotic process"
1,"TCS-1158","Fertilization"
1,"TCS-367","Transcription, DNA-templated"
6,"TCS-1539","Wound healing"
2,"TCS-4391","Cellular process"
1,"TCS-4225","Cellular respiration"
8,"TCS-2605","RNA processing"
4,"TCS-2672","Cell cycle"
3,"TCS-3877","Antigen processing and presentation"
5,"TCS-120","RNA processing"
1,"TCS-1831","Synaptic transmission"
1,"TCS-1795","Amino acid metabolic process"
1,"TCS-1248","Mitosis"
7,"TCS-2028","Response to UV"
10,"TCS-3733","Extracellular matriorganization"
2,"TCS-4544","B cell activation"
8,"TCS-647","Signal transduction by p53 class mediator"
3,"TCS-4723","DNA replication"
1,"TCS-3074","Mitosis"
4,"TCS-3840","Regulation of signaling"
1,"TCS-399","Immune response"
9,"TCS-2793","Developmental process"
1,"TCS-1221","Vascular development"
3,"TCS-2518","Circadian rhythm"
1,"TCS-2665","Neuron differentiation"
2,"TCS-3287","Hair follicle development"
8,"TCS-1311","Protein catabolic process"
1,"TCS-306","Signal transduction by p53 class mediator"
5,"TCS-3897","Positive regulation of transcription by RNA polymerase II"
2,"TCS-4096","Hormone metabolic process"
3,"TCS-2474","Axon guidance"
1,"TCS-3618","Ribosome biogenesis"
1,"TCS-4022","Biological regulation"
9,"TCS-78","Embryo development"
7,"TCS-3705","Transcription, DNA-templated"
2,"TCS-175","Axon guidance"
4,"TCS-1522","Cell adhesion"
6,"TCS-2189","Immune system process"
1,"TCS-1338","DNA repair"
1,"TCS-4415","Bone mineralization"
7,"TCS-917","Extracellular matriorganization"
1,"TCS-450","Fertilization"
9,"TCS-4408","Photosynthesis"
2,"TCS-2220","Protein metabolic process"
5,"TCS-2855","Transport"
2,"TCS-2960","Regulation of biological process"
3,"TCS-1273","Skin development"
4,"TCS-1382","Response to UV"
3,"TCS-3223","Organ regeneration"
1,"TCS-2091","Cellular response to heat"
2,"TCS-2280","Regulation of biological process"
7,"TCS-4653","Cell communication"
3,"TCS-4321","Stem cell differentiation"
4,"TCS-956","Glycolysis"
2,"TCS-1206","Hormone metabolic process"
3,"TCS-2308","Response to wounding"
2,"TCS-4435","Platelet activation"
2,"TCS-3466","Biological regulation"
3,"TCS-2043","Cell division"
3,"TCS-995","Circadian rhythm"
9,"TCS-487","Regulation of signaling"
6,"TCS-2033","Cell cycle"
2,"TCS-3640","Cellular response to DNA damage stimulus"
4,"TCS-3875","Embryo development"
5,"TCS-2215","Lipid metabolic process"
2,"TCS-2031","Pigmentation"
2,"TCS-4080","Organ regeneration"
1,"TCS-4702","Extracellular matriorganization"
1,"TCS-3689","Skin development"
6,"TCS-1005","Wound healing"
3,"TCS-3362","Pigmentation"
1,"TCS-3423","Hair follicle development"
10,"TCS-3409","Cell adhesion"
1,"TCS-1619","Extracellular matriorganization"
6,"TCS-1440","Embryo development"
1,"TCS-4049","Nucleotide metabolic process"
3,"TCS-3548","Platelet activation"
3,"TCS-1236","Cellular response to stress"
2,"TCS-398","Regulation of transcription, DNA-templated"
8,"TCS-1898","Protein folding"
2,"TCS-3774","Fertilization"
1,"TCS-439","Response to UV"
5,"TCS-1965","Amino acid metabolic process"
10,"TCS-4939","Carbohydrate metabolic process"
1,"TCS-2062","Organ development"
5,"TCS-204","Signal transduction"
1,"TCS-4455","Hair follicle development"
2,"TCS-297","Reproductive structure development"
4,"TCS-3626","Response to wounding"
2,"TCS-1564","Reproductive process"
3,"TCS-4797","Fertilization"
6,"TCS-2724","Pigmentation"
1,"TCS-3121","Inflammatory response"
1,"TCS-2638","Neuron differentiation"
1,"TCS-2836","Blood coagulation"
1,"TCS-2327","Bone mineralization"
3,"TCS-777","Axon guidance"
1,"TCS-1254","Endocytosis"
3,"TCS-3432","Transport"
2,"TCS-2564","Muscle contraction"
4,"TCS-1069","Exocytosis"
3,"TCS-3792","Immune system process"
7,"TCS-3389","Synaptic vesicle recycling"
6,"TCS-1602","Vascular development"
2,"TCS-3516","Antigen processing and presentation"
4,"TCS-2804","Multicellular organismal process"
1,"TCS-540","Biological regulation"
1,"TCS-3310","Cellular response to heat"
1,"TCS-1902","Fertilization"
7,"TCS-1941","Cell cycle"
5,"TCS-2920","Hair follicle development"
6,"TCS-743","Embryo development"
3,"TCS-2780","Protein folding"
5,"TCS-4758","Chemotaxis"
3,"TCS-872","Thermoregulation"
1,"TCS-3224","Response to UV"
3,"TCS-2056","Signal transduction"
9,"TCS-948","Transcription, DNA-templated"
3,"TCS-2439","Drug metabolism"
1,"TCS-2650","Learning or memory"
5,"TCS-1694","Biological regulation"
3,"TCS-859","Aging"
1,"TCS-2024","Regulation of signaling"
1,"TCS-3646","Tissue development"
1,"TCS-373","Cell cycle"
1,"TCS-2313","T cell activation"
4,"TCS-158","Organ development"
1,"TCS-2541","Mitosis"
1,"TCS-3492","Regulation of transcription, DNA-templated"
1,"TCS-630","Spliceosomal compleassembly"
1,"TCS-3271","Thermoregulation"
3,"TCS-4962","Muscle contraction"
1,"TCS-1401","Circadian rhythm"
1,"TCS-3359","Response to oxidative stress"
6,"TCS-4818","Neuron differentiation"
2,"TCS-4050","Cellular process"
3,"TCS-1390","Wound healing"
3,"TCS-1432","B cell activation"
3,"TCS-1977","Regulation of metabolic process"
1,"TCS-3201","Synaptic transmission"
6,"TCS-2632","Regulation of transcription, DNA-templated"
8,"TCS-1316","Regulation of biological process"
2,"TCS-4073","Circadian rhythm"
2,"TCS-2209","Organ regeneration"
4,"TCS-992","Cell cycle"
8,"TCS-2905","Lipid metabolic process"
1,"TCS-3353","Tissue development"
1,"TCS-4761","Fertilization"
10,"TCS-4339","Thermoregulation"
2,"TCS-1227","Mitosis"
4,"TCS-1649","Fertilization"
1,"TCS-1207","Photosynthesis"
5,"TCS-880","Response to wounding"
6,"TCS-1540","Neuron differentiation"
1,"TCS-2427","Bone mineralization"
7,"TCS-4805","Regulation of gene expression"
9,"TCS-255","Drug metabolism"
7,"TCS-3531","Fertilization"
7,"TCS-3068","Stem cell differentiation"
2,"TCS-1094","Protein folding"
7,"TCS-3957","Regulation of gene expression"
2,"TCS-434","Cellular respiration"
9,"TCS-2790","Protein folding"
10,"TCS-3751","Vascular development"
1,"TCS-4721","Inflammatory response"
1,"TCS-2084","Bone mineralization"
9,"TCS-3627","Embryo development"
2,"TCS-1011","Autophagy"
3,"TCS-1852","Cellular process"
7,"TCS-3453","Antigen processing and presentation"
8,"TCS-4238","Cell cycle"
6,"TCS-298","Reproductive structure development"
6,"TCS-631","Vesicle-mediated transport"
3,"TCS-2613","Glycolysis"
1,"TCS-2465","Muscle contraction"
2,"TCS-2802","Response to UV"
7,"TCS-3972","Meiosis"
7,"TCS-3249","Neurogenesis"
1,"TCS-2435","Response to cold"
1,"TCS-3228","Platelet activation"
2,"TCS-3819","Meiosis"
1,"TCS-4735","Thermoregulation"
1,"TCS-3032","Tissue development"
1,"TCS-4607","Regulation of gene expression"
7,"TCS-4215","Cellular response to hypoxia"
9,"TCS-3678","Regulation of signaling"
4,"TCS-3163","Protein metabolic process"
3,"TCS-3115","Ribosome biogenesis"
1,"TCS-4031","Multicellular organismal process"
5,"TCS-386","Cellular response to heat"
5,"TCS-3355","Vesicle-mediated transport"
1,"TCS-4664","Muscle contraction"
7,"TCS-4150","B cell activation"
10,"TCS-2297","Nucleotide metabolic process"
2,"TCS-121","Skin development"
5,"TCS-4713","Stem cell differentiation"
1,"TCS-1366","Antigen processing and presentation"
2,"TCS-428","Oocyte development"
2,"TCS-3487","DNA replication"
8,"TCS-3952","Aging"
1,"TCS-3479","Cellular respiration"
7,"TCS-1553","Tissue development"
6,"TCS-1276","Pigmentation"
1,"TCS-1121","Glycolysis"
5,"TCS-1261","Cellular response to stress"
3,"TCS-250","Organ regeneration"
2,"TCS-4082","Cellular respiration"
4,"TCS-1103","Mitosis"
2,"TCS-2457","T cell activation"
4,"TCS-1685","Fertilization"
2,"TCS-2574","Signal transduction by p53 class mediator"
1,"TCS-4833","Bone mineralization"
1,"TCS-1947","Tissue development"
1,"TCS-208","Spliceosomal compleassembly"
10,"TCS-2139","Signal transduction by p53 class mediator"
10,"TCS-3142","Platelet activation"
7,"TCS-3590","Skin development"
1,"TCS-192","Cell differentiation"
1,"TCS-3131","Aging"
6,"TCS-2664","Response to wounding"
1,"TCS-130","RNA processing"
2,"TCS-3868","Angiogenesis"
9,"TCS-2580","Autophagy"
4,"TCS-3747","Transport"
1,"TCS-1441","Muscle contraction"
2,"TCS-153","Bone mineralization"
8,"TCS-433","Transport"
2,"TCS-2851","DNA repair"
2,"TCS-2153","Hemostasis"
8,"TCS-315","Ribosome biogenesis"
1,"TCS-3303","B cell activation"
2,"TCS-789","Antigen processing and presentation"
10,"TCS-3599","Transcription, DNA-templated"
5,"TCS-678","Response to oxidative stress"
2,"TCS-2095","Signal transduction by p53 class mediator"
1,"TCS-3438","Embryo development"
5,"TCS-67","Localization"
1,"TCS-1657","Organ development"
1,"TCS-3047","Synaptic vesicle recycling"
10,"TCS-3165","Angiogenesis"
8,"TCS-4694","Photosynthesis"
2,"TCS-1349","Fertilization"
2,"TCS-1729","Cellular response to heat"
1,"TCS-3801","Protein folding"
6,"TCS-4912","Hair follicle development"
2,"TCS-4853","Pigmentation"
3,"TCS-4239","Cell differentiation"
6,"TCS-2378","Response to stimulus"
3,"TCS-4760","Cell cycle"
6,"TCS-617","DNA repair"
6,"TCS-2764","Response to cold"
7,"TCS-3841","Regulation of signaling"
3,"TCS-4954","Signal transduction"
3,"TCS-4767","Chemotaxis"
2,"TCS-1877","Reproductive process"
4,"TCS-1371","Developmental process"
3,"TCS-3200","Protein folding"
6,"TCS-2044","Protein folding"
2,"TCS-4001","Transport"
2,"TCS-2329","Inflammatory response"
3,"TCS-4149","T cell activation"
2,"TCS-1737","Stem cell differentiation"
2,"TCS-1198","Transport"
1,"TCS-3562","Reproductive structure development"
1,"TCS-3790","Cellular response to stress"
1,"TCS-2191","Blood coagulation"
4,"TCS-2247","Chromosome segregation"
6,"TCS-3546","Protein metabolic process"
7,"TCS-2747","Cellular response to DNA damage stimulus"
10,"TCS-2483","Cellular response to stress"
1,"TCS-1872","Spliceosomal compleassembly"
5,"TCS-1358","Transcription, DNA-templated"
8,"TCS-3461","Neurogenesis"
2,"TCS-2719","Immune response"
8,"TCS-2570","Cellular response to DNA damage stimulus"
2,"TCS-718","T cell activation"
1,"TCS-3370","Mitosis"
1,"TCS-819","Regulation of gene expression"
9,"TCS-2914","Organ development"
8,"TCS-758","Regulation of signaling"
5,"TCS-3843","Regulation of signaling"
1,"TCS-2635","Hormone metabolic process"
10,"TCS-4364","Chromosome segregation"
1,"TCS-3838","Cellular response to heat"
9,"TCS-2651","Mitosis"
1,"TCS-3551","Cellular response to hypoxia"
1,"TCS-2134","Regulation of translation"
9,"TCS-2710","Tissue development"
4,"TCS-1187","Signal transduction"
10,"TCS-108","Carbohydrate metabolic process"
2,"TCS-4756","Blood coagulation"
1,"TCS-4159","Reproductive process"
4,"TCS-1691","Antigen processing and presentation"
3,"TCS-3391","Drug metabolism"
3,"TCS-3874","Hemostasis"
1,"TCS-80","Protein metabolic process"
2,"TCS-2508","RNA processing"
1,"TCS-497","Vascular development"
2,"TCS-888","Chemotaxis"
1,"TCS-2481","Muscle contraction"
1,"TCS-4447","Protein metabolic process"
10,"TCS-2786","Neurogenesis"
7,"TCS-4582","Signal transduction by p53 class mediator"
8,"TCS-1275","Endocytosis"
2,"TCS-3540","Exocytosis"
3,"TCS-2426","Regulation of transcription, DNA-templated"
4,"TCS-1117","Protein metabolic process"
1,"TCS-1215","Photosynthesis"
2,"TCS-618","Autophagy"
2,"TCS-3818","Response to hormone"
1,"TCS-810","Angiogenesis"
8,"TCS-1357","Neurogenesis"
1,"TCS-58","Cell communication"
1,"TCS-720","Inflammatory response"
6,"TCS-3794","Oocyte development"
4,"TCS-4106","Cellular respiration"
5,"TCS-2342","Regulation of signaling"
1,"TCS-3105","Organ regeneration"
4,"TCS-1725","Detoxification"
1,"TCS-3808","RNA processing"
5,"TCS-74","Blood coagulation"
1,"TCS-4585","Signal transduction"
10,"TCS-1463","Organ development"
1,"TCS-2461","Cellular respiration"
4,"TCS-4461","Cell cycle"
5,"TCS-4369","Learning or memory"
3,"TCS-2127","DNA replication"
2,"TCS-4175","Carbohydrate metabolic process"
2,"TCS-4611","Regulation of translation"
8,"TCS-3624","Carbohydrate metabolic process"
1,"TCS-2891","Regulation of biological process"
5,"TCS-3365","Cell migration"
5,"TCS-3309","Signal transduction by p53 class mediator"
1,"TCS-586","Platelet activation"
3,"TCS-1098","Multicellular organismal process"
7,"TCS-3795","Immune response"
3,"TCS-4271","Regulation of biological process"
4,"TCS-3913","Stem cell differentiation"
3,"TCS-4412","Bone mineralization"
2,"TCS-4021","Response to cold"
8,"TCS-4210","Neurogenesis"
2,"TCS-1687","Response to hormone"
1,"TCS-806","Reproductive structure development"
1,"TCS-238","Response to hormone"
2,"TCS-4052","Extracellular matriorganization"
2,"TCS-275","DNA replication"
4,"TCS-4104","Pigmentation"
1,"TCS-3148","Endocytosis"
7,"TCS-1424","Autophagy"
6,"TCS-3437","Exocytosis"
1,"TCS-1969","Chromosome segregation"
2,"TCS-3810","Response to cold"
1,"TCS-2198","Vascular development"
2,"TCS-2104","Cellular process"
1,"TCS-4917","Localization"
7,"TCS-4670","Response to wounding"
2,"TCS-4808","Skin development"
9,"TCS-2743","Meiosis"
10,"TCS-3834","Response to stimulus"
2,"TCS-4437","Pigmentation"
2,"TCS-4434","Cell differentiation"
5,"TCS-3217","Spliceosomal compleassembly"
2,"TCS-941","Extracellular matriorganization"
2,"TCS-3554","Photosynthesis"
2,"TCS-4122","Protein metabolic process"
3,"TCS-4628","Ribosome biogenesis"
2,"TCS-2018","Chemotaxis"
1,"TCS-3887","Cellular response to stress"
5,"TCS-3366","Regulation of gene expression"
1,"TCS-3118","Autophagy"
2,"TCS-2486","RNA processing"
1,"TCS-2436","Metabolic process"
2,"TCS-3608","Hemostasis"
1,"TCS-4817","Chromosome segregation"
9,"TCS-4114","Transcription, DNA-templated"
6,"TCS-987","Synaptic transmission"
5,"TCS-4193","Angiogenesis"
5,"TCS-4008","Response to cold"
6,"TCS-1457","Response to cold"
8,"TCS-3297","Cell communication"
1,"TCS-2120","Neuron differentiation"
1,"TCS-539","Response to oxidative stress"
1,"TCS-2066","Cell division"
1,"TCS-4678","Immune system process"
6,"TCS-4548","Nucleotide metabolic process"
1,"TCS-3919","DNA repair"
2,"TCS-4441","Signal transduction by p53 class mediator"
5,"TCS-3192","Translation"
3,"TCS-1856","Protein metabolic process"
1,"TCS-2569","Cellular response to DNA damage stimulus"
1,"TCS-4495","Ribosome biogenesis"
7,"TCS-2566","Fertilization"
2,"TCS-3268","Cell division"
6,"TCS-1804","Chemotaxis"
5,"TCS-1618","Cellular respiration"
2,"TCS-4405","Multicellular organismal process"
2,"TCS-2555","Developmental process"
1,"TCS-1784","Signal transduction"
1,"TCS-782","Response to cold"
1,"TCS-2213","Multicellular organismal process"
1,"TCS-560","Vesicle-mediated transport"
2,"TCS-197","Blood coagulation"
4,"TCS-2372","Spermatogenesis"
2,"TCS-1104","Protein folding"
1,"TCS-4449","Regulation of translation"
3,"TCS-2821","Cellular response to hypoxia"
2,"TCS-3494","Cellular metabolic process"
2,"TCS-1920","Immune response"
1,"TCS-3243","Amino acid metabolic process"
1,"TCS-3827","Autophagy"
2,"TCS-3079","Ribosome biogenesis"
3,"TCS-4878","Regulation of gene expression"
2,"TCS-3278","Cellular respiration"
1,"TCS-3537","Detoxification"
1,"TCS-1786","Hemostasis"
5,"TCS-3861","Vascular development"
2,"TCS-1513","Response to UV"
10,"TCS-1044","Regulation of biological process"
8,"TCS-1036","Response to cold"
1,"TCS-1050","Chemotaxis"
1,"TCS-3237","Endocytosis"
3,"TCS-3005","Hair follicle development"
4,"TCS-1665","Synaptic vesicle recycling"
8,"TCS-62","Learning or memory"
1,"TCS-4785","Cell communication"
5,"TCS-4131","Reproductive structure development"
1,"TCS-2485","Pigmentation"
1,"TCS-1529","Cellular response to DNA damage stimulus"
9,"TCS-2493","Hemostasis"
1,"TCS-1216","Response to hormone"
3,"TCS-1396","Bone mineralization"
1,"TCS-2731","Negative regulation of transcription"
1,"TCS-4198","Reproductive structure development"
6,"TCS-1526","Tissue development"
1,"TCS-1612","Fertilization"
3,"TCS-1043","Multicellular organismal process"
7,"TCS-3858","Antigen processing and presentation"
6,"TCS-1418","Vesicle-mediated transport"
1,"TCS-2228","Signal transduction by p53 class mediator"
4,"TCS-2224","Response to UV"
3,"TCS-4140","Detoxification"
2,"TCS-4476","Cell adhesion"
4,"TCS-4365","B cell activation"
6,"TCS-2991","Nucleotide metabolic process"
8,"TCS-591","Stem cell differentiation"
3,"TCS-3361","Fertilization"
1,"TCS-668","Cell division"
7,"TCS-787","Neuron differentiation"
1,"TCS-1017","Cell cycle"
5,"TCS-4403","Chemotaxis"
1,"TCS-4528","Cell adhesion"
9,"TCS-1857","Thermoregulation"
1,"TCS-3119","Spermatogenesis"
3,"TCS-3336","Neuron differentiation"
1,"TCS-5000","Vesicle-mediated transport"
1,"TCS-971","Metabolic process"
1,"TCS-2847","Bone mineralization"
2,"TCS-1027","Protein folding"
1,"TCS-4043","RNA processing"
1,"TCS-967","Platelet activation"
6,"TCS-965","Photosynthesis"
2,"TCS-2813","Cellular respiration"
3,"TCS-4064","Regulation of translation"
1,"TCS-2551","Synaptic transmission"
2,"TCS-2074","B cell activation"
4,"TCS-660","Hormone metabolic process"
1,"TCS-2892","Signal transduction"
2,"TCS-4301","Protein catabolic process"
6,"TCS-4988","Oocyte development"
1,"TCS-1157","Embryo development"
10,"TCS-4309","Response to UV"
4,"TCS-331","Transcription, DNA-templated"
7,"TCS-196","Circadian rhythm"
7,"TCS-3187","Meiosis"
9,"TCS-3667","Mitosis"
5,"TCS-1294","Organ development"
1,"TCS-2269","Regulation of signaling"
1,"TCS-531","Mitosis"
1,"TCS-4465","Response to hormone"
1,"TCS-323","Inflammatory response"
1,"TCS-4636","Positive regulation of transcription by RNA polymerase II"
2,"TCS-2420","Protein folding"
1,"TCS-3218","Protein catabolic process"
1,"TCS-1041","Cellular metabolic process"
6,"TCS-854","Reproductive structure development"
1,"TCS-4029","Vascular development"
1,"TCS-1549","Muscle contraction"
1,"TCS-700","Hormone metabolic process"
3,"TCS-2399","Response to stimulus"
1,"TCS-2270","Signal transduction"
1,"TCS-4911","Vascular development"
3,"TCS-867","Stem cell differentiation"
1,"TCS-3066","Cell cycle"
2,"TCS-457","Cellular respiration"
3,"TCS-3777","Response to cold"
6,"TCS-3883","Protein folding"
5,"TCS-887","Chemotaxis"
7,"TCS-1520","Vesicle-mediated transport"
6,"TCS-1096","Neuron differentiation"
1,"TCS-2194","Cell adhesion"
2,"TCS-1270","B cell activation"
9,"TCS-3104","Neuron differentiation"
4,"TCS-572","Skin development"
3,"TCS-2688","Axon guidance"
1,"TCS-304","Transport"
1,"TCS-4635","Hair follicle development"
10,"TCS-1780","Developmental process"
1,"TCS-216","Neuron differentiation"
2,"TCS-850","Immune response"
2,"TCS-1864","Positive regulation of transcription by RNA polymerase II"
1,"TCS-4572","Organ development"
1,"TCS-1944","Regulation of signaling"
5,"TCS-3979","Response to cold"
1,"TCS-3859","Autophagy"
4,"TCS-1482","Chemotaxis"
6,"TCS-599","Vesicle-mediated transport"
8,"TCS-3532","Cellular respiration"
1,"TCS-3270","T cell activation"
6,"TCS-763","DNA repair"
2,"TCS-1990","Response to cold"
2,"TCS-4407","B cell activation"
7,"TCS-4279","Drug metabolism"
8,"TCS-1624","Embryo development"
1,"TCS-2296","Pigmentation"
6,"TCS-1308","Extracellular matriorganization"
7,"TCS-2003","Stem cell differentiation"
5,"TCS-3905","Platelet activation"
3,"TCS-242","Transport"
4,"TCS-1776","Hormone metabolic process"
2,"TCS-1406","Positive regulation of transcription by RNA polymerase II"
3,"TCS-4816","Negative regulation of transcription"
5,"TCS-1720","Thermoregulation"
1,"TCS-144","Transcription, DNA-templated"
1,"TCS-446","Multicellular organismal process"
1,"TCS-1743","Wound healing"
1,"TCS-1632","Blood coagulation"
1,"TCS-4347","Response to oxidative stress"
1,"TCS-3417","Platelet activation"
6,"TCS-2010","Nucleotide metabolic process"
3,"TCS-1020","Blood coagulation"
1,"TCS-2428","Response to cold"
1,"TCS-3275","Hemostasis"
1,"TCS-458","Organ regeneration"
3,"TCS-3978","Spermatogenesis"
2,"TCS-1623","Mitosis"
2,"TCS-2749","Learning or memory"
4,"TCS-3985","Exocytosis"
2,"TCS-2926","Chromosome segregation"
2,"TCS-1627","Blood coagulation"
6,"TCS-2951","Cell adhesion"
2,"TCS-999","Immune system process"
1,"TCS-1575","Protein catabolic process"
1,"TCS-1745","Fertilization"
4,"TCS-527","Bone mineralization"
3,"TCS-1603","Spliceosomal compleassembly"
1,"TCS-2268","Spermatogenesis"
1,"TCS-1074","Extracellular matriorganization"
1,"TCS-2833","Regulation of signaling"
4,"TCS-3597","Organ development"
1,"TCS-466","Transport"
6,"TCS-4940","Synaptic vesicle recycling"
1,"TCS-3411","Fertilization"
1,"TCS-4714","Cellular process"
2,"TCS-2854","Extracellular matriorganization"
1,"TCS-4592","DNA repair"
2,"TCS-1360","Protein folding"
2,"TCS-4234","Transport"
2,"TCS-4640","Muscle contraction"
1,"TCS-514","Detoxification"
1,"TCS-836","Platelet activation"
8,"TCS-3974","Protein folding"
1,"TCS-368","Blood coagulation"
1,"TCS-1097","Fertilization"
6,"TCS-3075","Synaptic vesicle recycling"
1,"TCS-589","Cellular metabolic process"
3,"TCS-2930","Response to UV"
1,"TCS-374","Hormone metabolic process"
7,"TCS-2750","Signal transduction by p53 class mediator"
1,"TCS-355","Spermatogenesis"
1,"TCS-177","Protein folding"
5,"TCS-2305","Regulation of signaling"
8,"TCS-465","Cell cycle"
9,"TCS-3936","Cellular respiration"
6,"TCS-4319","Cell cycle"
7,"TCS-4479","Embryo development"
1,"TCS-643","Apoptotic process"
5,"TCS-4007","T cell activation"
8,"TCS-2492","Multicellular organismal process"
7,"TCS-149","Cell differentiation"
1,"TCS-3715","Learning or memory"
4,"TCS-1938","Vascular development"
9,"TCS-2545","Drug metabolism"
4,"TCS-1847","Regulation of signaling"
2,"TCS-4984","Regulation of metabolic process"
4,"TCS-3463","Wound healing"
1,"TCS-3596","Stem cell differentiation"
1,"TCS-1620","Bone mineralization"
6,"TCS-1374","B cell activation"
1,"TCS-645","Detoxification"
1,"TCS-664","Protein folding"
7,"TCS-2690","Negative regulation of transcription"
1,"TCS-4252","Regulation of signaling"
1,"TCS-3117","Negative regulation of transcription"
9,"TCS-4639","Autophagy"
1,"TCS-886","Cell migration"
5,"TCS-376","Nucleotide metabolic process"
5,"TCS-4222","Cellular response to stress"
9,"TCS-346","Axon guidance"
1,"TCS-2115","Stem cell differentiation"
1,"TCS-4700","Metabolic process"
4,"TCS-4500","Glycolysis"
7,"TCS-4983","Organ development"
4,"TCS-3037","Regulation of biological process"
6,"TCS-2080","Embryo development"
1,"TCS-1695","Stem cell differentiation"
1,"TCS-1439","Response to hormone"
9,"TCS-3205","Blood coagulation"
1,"TCS-4151","Reproductive process"
1,"TCS-4024","Platelet activation"
4,"TCS-1666","Platelet activation"
2,"TCS-982","Antigen processing and presentation"
3,"TCS-522","Embryo development"
5,"TCS-1957","Bone mineralization"
1,"TCS-4014","Regulation of signaling"
1,"TCS-3805","Regulation of transcription, DNA-templated"
7,"TCS-4642","Neurogenesis"
9,"TCS-961","Blood coagulation"
5,"TCS-65","Regulation of biological process"
4,"TCS-4382","Organ development"
1,"TCS-2184","Photosynthesis"
8,"TCS-1095","Antigen processing and presentation"
2,"TCS-1012","Blood coagulation"
1,"TCS-2674","RNA processing"
5,"TCS-2957","Tissue development"
8,"TCS-3031","Carbohydrate metabolic process"
7,"TCS-2676","Response to UV"
7,"TCS-1600","Autophagy"
2,"TCS-725","T cell activation"
1,"TCS-3687","Cellular metabolic process"
5,"TCS-3009","Platelet activation"
2,"TCS-4626","Detoxification"
1,"TCS-1953","Neurogenesis"
4,"TCS-4957","Hair follicle development"
1,"TCS-4426","Organ development"
3,"TCS-3152","Hair follicle development"
7,"TCS-70","Glycolysis"
1,"TCS-827","Hormone metabolic process"
6,"TCS-4618","Autophagy"
1,"TCS-4941","Negative regulation of transcription"
5,"TCS-3954","Circadian rhythm"
1,"TCS-3655","Neuron differentiation"
6,"TCS-1076","Regulation of gene expression"
7,"TCS-665","Muscle contraction"
4,"TCS-2787","Reproductive process"
5,"TCS-4458","Multicellular organismal process"
7,"TCS-1293","Cellular respiration"
1,"TCS-3226","Blood coagulation"
6,"TCS-1840","Regulation of gene expression"
2,"TCS-2473","Amino acid metabolic process"
1,"TCS-2896","Neurogenesis"
3,"TCS-1242","Regulation of gene expression"
3,"TCS-1789","Blood coagulation"
7,"TCS-1778","Autophagy"
1,"TCS-1342","Chromosome segregation"
3,"TCS-4708","Negative regulation of transcription"
2,"TCS-1280","T cell activation"
2,"TCS-3767","Meiosis"
1,"TCS-4129","Photosynthesis"
5,"TCS-828","Response to cold"
8,"TCS-1567","Regulation of gene expression"
1,"TCS-4718","Transcription, DNA-templated"
2,"TCS-2828","Mitosis"
7,"TCS-4674","Neuron differentiation"
3,"TCS-4526","Protein catabolic process"
3,"TCS-1887","Vascular development"
1,"TCS-1727","Vesicle-mediated transport"
1,"TCS-4263","Cell migration"
5,"TCS-2933","Response to stimulus"
4,"TCS-352","Autophagy"
1,"TCS-4084","Blood coagulation"
9,"TCS-1805","Blood coagulation"
1,"TCS-548","Meiosis"
3,"TCS-2226","Blood coagulation"
2,"TCS-3242","Embryo development"
2,"TCS-3759","Response to hormone"
8,"TCS-2547","Synaptic transmission"
1,"TCS-2594","RNA processing"
3,"TCS-3269","Muscle contraction"
5,"TCS-4516","Hormone metabolic process"
3,"TCS-2362","Embryo development"
9,"TCS-4734","Multicellular organismal process"
2,"TCS-4180","Extracellular matriorganization"
8,"TCS-1843","Photosynthesis"
10,"TCS-3912","Tissue development"
10,"TCS-4320","Regulation of biological process"
2,"TCS-4297","Cell cycle"
10,"TCS-2320","Chemotaxis"
2,"TCS-4620","Muscle contraction"
3,"TCS-1913","Skin development"
5,"TCS-2592","Cellular process"
3,"TCS-3044","Embryo development"
9,"TCS-2097","Mitosis"
5,"TCS-4565","Inflammatory response"
3,"TCS-1423","Amino acid metabolic process"
2,"TCS-1082","Extracellular matriorganization"
7,"TCS-1517","Regulation of translation"
2,"TCS-4724","Antigen processing and presentation"
2,"TCS-2217","Protein folding"
7,"TCS-4709","Angiogenesis"
3,"TCS-4240","Circadian rhythm"
3,"TCS-2696","Organ regeneration"
1,"TCS-3051","DNA replication"
1,"TCS-2035","Thermoregulation"
2,"TCS-3214","RNA processing"
10,"TCS-2997","Reproductive structure development"
7,"TCS-4606","T cell activation"
10,"TCS-1063","Reproductive structure development"
8,"TCS-1625","Cellular process"
1,"TCS-4333","Cellular respiration"
1,"TCS-4401","Inflammatory response"
1,"TCS-1678","Signal transduction"
9,"TCS-3253","Synaptic transmission"
4,"TCS-68","Regulation of translation"
4,"TCS-3464","Neurogenesis"
6,"TCS-1505","Regulation of gene expression"
3,"TCS-4212","Carbohydrate metabolic process"
1,"TCS-2859","Lipid metabolic process"
10,"TCS-2143","Signal transduction by p53 class mediator"
3,"TCS-1637","Neuron differentiation"
2,"TCS-3573","RNA processing"
1,"TCS-4132","Regulation of translation"
9,"TCS-1062","Cellular process"
1,"TCS-1106","Transcription, DNA-templated"
1,"TCS-3500","Hemostasis"
1,"TCS-3349","Extracellular matriorganization"
2,"TCS-1530","Cell cycle"
5,"TCS-1494","Fertilization"
1,"TCS-1527","Thermoregulation"
1,"TCS-4363","B cell activation"
1,"TCS-2628","Response to stimulus"
1,"TCS-4503","Ribosome biogenesis"
2,"TCS-1819","Response to UV"
4,"TCS-1827","Response to hormone"
7,"TCS-3371","Fertilization"
1,"TCS-2560","Vesicle-mediated transport"
9,"TCS-4298","RNA processing"
4,"TCS-3028","Synaptic vesicle recycling"
1,"TCS-1268","Inflammatory response"
6,"TCS-3175","Cellular response to DNA damage stimulus"
1,"TCS-1925","Regulation of gene expression"
1,"TCS-1524","Vesicle-mediated transport"
1,"TCS-733","Cellular respiration"
2,"TCS-3194","Regulation of gene expression"
2,"TCS-4927","Organ development"
3,"TCS-1259","Neurogenesis"
5,"TCS-334","Blood coagulation"
1,"TCS-1964","Regulation of gene expression"
3,"TCS-1230","Meiosis"
1,"TCS-222","Tissue development"
2,"TCS-2815","Cellular respiration"
6,"TCS-1888","Cell communication"
3,"TCS-2341","Cell adhesion"
4,"TCS-1899","Neurogenesis"
1,"TCS-1388","B cell activation"
2,"TCS-114","Drug metabolism"
1,"TCS-2068","Nucleotide metabolic process"
1,"TCS-118","Skin development"
1,"TCS-4195","Immune response"
1,"TCS-1993","Regulation of biological process"
1,"TCS-1604","Protein catabolic process"
2,"TCS-2659","Tissue development"
9,"TCS-2271","Thermoregulation"
7,"TCS-4892","Circadian rhythm"
9,"TCS-1143","Thermoregulation"
1,"TCS-3956","Regulation of gene expression"
1,"TCS-3580","Wound healing"
6,"TCS-4338","Immune system process"
1,"TCS-4387","Cell division"
2,"TCS-4373","Regulation of biological process"
9,"TCS-2562","Pigmentation"
8,"TCS-2875","Biological regulation"
1,"TCS-104","Positive regulation of transcription by RNA polymerase II"
5,"TCS-2243","Spliceosomal compleassembly"
1,"TCS-626","Signal transduction"
1,"TCS-112","Vascular development"
1,"TCS-4556","Response to wounding"
4,"TCS-3992","Response to hormone"
2,"TCS-1079","Cell migration"
2,"TCS-2754","Cellular response to hypoxia"
1,"TCS-1299","Cell communication"
1,"TCS-330","Protein catabolic process"
2,"TCS-2467","Aging"
3,"TCS-554","Tissue development"
1,"TCS-3943","Regulation of translation"
2,"TCS-2338","Cellular response to hypoxia"
1,"TCS-2893","B cell activation"
5,"TCS-3513","Carbohydrate metabolic process"
4,"TCS-3981","Hormone metabolic process"
2,"TCS-4055","Response to wounding"
6,"TCS-891","Cellular response to stress"
7,"TCS-848","Response to cold"
8,"TCS-3833","Regulation of gene expression"
2,"TCS-688","Cell adhesion"
6,"TCS-2697","Antigen processing and presentation"
2,"TCS-796","Oocyte development"
1,"TCS-291","RNA processing"
3,"TCS-1547","Fertilization"
10,"TCS-4457","Bone mineralization"
5,"TCS-4963","Learning or memory"
1,"TCS-3283","Platelet activation"
4,"TCS-557","Hormone metabolic process"
4,"TCS-2916","Cellular response to stress"
6,"TCS-4750","Immune response"
4,"TCS-4893","Cell differentiation"
7,"TCS-4019","Ribosome biogenesis"
2,"TCS-986","Neuron differentiation"
1,"TCS-150","Cell division"
1,"TCS-2092","Multicellular organismal process"
3,"TCS-117","Cell migration"
8,"TCS-4453","Synaptic vesicle recycling"
3,"TCS-2497","Synaptic transmission"
6,"TCS-4342","Cellular process"
6,"TCS-4155","Pigmentation"
8,"TCS-4644","Ribosome biogenesis"
1,"TCS-1733","Neurogenesis"
4,"TCS-2736","Cell differentiation"
3,"TCS-4404","Extracellular matriorganization"
8,"TCS-4090","Detoxification"
1,"TCS-2907","Protein metabolic process"
6,"TCS-4787","RNA processing"
8,"TCS-3826","Biological regulation"
5,"TCS-1197","Mitosis"
1,"TCS-467","Pigmentation"
2,"TCS-3358","Response to cold"
1,"TCS-2363","Organ regeneration"
3,"TCS-2016","Response to UV"
3,"TCS-3441","Amino acid metabolic process"
2,"TCS-387","Embryo development"
5,"TCS-2636","Thermoregulation"
1,"TCS-3141","Protein metabolic process"
7,"TCS-1109","Angiogenesis"
1,"TCS-2939","Hair follicle development"
10,"TCS-1726","Cellular process"
1,"TCS-3158","Organ regeneration"
2,"TCS-2698","Cell communication"
1,"TCS-1842","Signal transduction by p53 class mediator"
1,"TCS-3498","Translation"
1,"TCS-2001","Spliceosomal compleassembly"
9,"TCS-751","Hormone metabolic process"
1,"TCS-3076","Reproductive structure development"
6,"TCS-2158","Biological regulation"
1,"TCS-4505","Response to cold"
1,"TCS-551","Glycolysis"
1,"TCS-3839","DNA replication"
10,"TCS-739","Cell migration"
5,"TCS-621","Protein catabolic process"
8,"TCS-178","Synaptic vesicle recycling"
5,"TCS-1690","Hormone metabolic process"
2,"TCS-1402","Translation"
3,"TCS-4522","Tissue development"
1,"TCS-2537","Cellular respiration"
3,"TCS-1937","Regulation of metabolic process"
5,"TCS-4977","Cellular metabolic process"
3,"TCS-4305","Cellular process"
3,"TCS-1309","Aging"
9,"TCS-1812","Tissue development"
4,"TCS-4660","Cellular respiration"
1,"TCS-3742","Protein metabolic process"
8,"TCS-1907","Regulation of transcription, DNA-templated"
1,"TCS-4838","Cellular response to DNA damage stimulus"
4,"TCS-3607","Protein folding"
1,"TCS-2730","Circadian rhythm"
1,"TCS-1724","Circadian rhythm"
1,"TCS-3321","Immune response"
1,"TCS-1130","Developmental process"
4,"TCS-2825","Embryo development"
2,"TCS-1815","Extracellular matriorganization"
8,"TCS-273","Organ development"
2,"TCS-1748","Regulation of metabolic process"
5,"TCS-4980","Transport"
1,"TCS-1191","Mitosis"
1,"TCS-2862","Immune system process"
2,"TCS-2700","B cell activation"
3,"TCS-64","Reproductive structure development"
1,"TCS-2624","Antigen processing and presentation"
5,"TCS-4885","Protein metabolic process"
1,"TCS-1460","Amino acid metabolic process"
4,"TCS-1741","Axon guidance"
7,"TCS-3024","Multicellular organismal process"
2,"TCS-2789","Hair follicle development"
1,"TCS-4018","Chromosome segregation"
8,"TCS-741","Regulation of gene expression"
2,"TCS-4616","Lipid metabolic process"
1,"TCS-4907","Fertilization"
2,"TCS-2686","Embryo development"
4,"TCS-4381","Exocytosis"
1,"TCS-4117","Tissue development"
1,"TCS-4603","Regulation of biological process"
3,"TCS-3139","B cell activation"
4,"TCS-2809","Angiogenesis"
6,"TCS-4371","Vascular development"
1,"TCS-4042","Autophagy"
6,"TCS-1970","Blood coagulation"
1,"TCS-3298","Cellular process"
1,"TCS-4327","Neurogenesis"
7,"TCS-4919","Axon guidance"
1,"TCS-4205","Spliceosomal compleassembly"
4,"TCS-4472","Detoxification"
1,"TCS-1525","Fertilization"
7,"TCS-860","Muscle contraction"
2,"TCS-3527","Axon guidance"
1,"TCS-1958","T cell activation"
5,"TCS-4741","Chemotaxis"
1,"TCS-2977","Tissue development"
3,"TCS-3012","Aging"
1,"TCS-75","Hair follicle development"
3,"TCS-319","Protein folding"
7,"TCS-1372","Angiogenesis"
1,"TCS-1172","Response to cold"
6,"TCS-4531","Angiogenesis"
5,"TCS-2423","Transcription, DNA-templated"
8,"TCS-3933","Vascular development"
6,"TCS-501","Regulation of biological process"
2,"TCS-3976","Blood coagulation"
10,"TCS-3097","Neuron differentiation"
4,"TCS-605","Regulation of signaling"
1,"TCS-1253","Cellular process"
1,"TCS-2008","Pigmentation"
10,"TCS-1179","Organ regeneration"
5,"TCS-4116","Response to stimulus"
3,"TCS-3602","Synaptic vesicle recycling"
7,"TCS-333","Spermatogenesis"
4,"TCS-4173","Response to wounding"
8,"TCS-2433","Vascular development"
1,"TCS-437","Organ regeneration"
1,"TCS-975","Response to UV"
8,"TCS-3652","Response to cold"
9,"TCS-3857","Amino acid metabolic process"
1,"TCS-2185","Cellular respiration"
1,"TCS-811","Cellular response to DNA damage stimulus"
2,"TCS-4288","Reproductive process"
2,"TCS-2604","Ribosome biogenesis"
3,"TCS-924","Inflammatory response"
7,"TCS-4994","Translation"
1,"TCS-4471","Transcription, DNA-templated"
8,"TCS-2274","Response to wounding"
2,"TCS-3600","Immune system process"
1,"TCS-4617","Cellular response to stress"
3,"TCS-1258","Fertilization"
5,"TCS-1699","Immune response"
5,"TCS-2262","Cellular respiration"
4,"TCS-3132","Regulation of gene expression"
1,"TCS-4824","Cell division"
2,"TCS-609","Response to hormone"
4,"TCS-3055","Reproductive process"
1,"TCS-1404","Nucleotide metabolic process"
1,"TCS-2444","Antigen processing and presentation"
1,"TCS-4974","Regulation of signaling"
8,"TCS-2499","Learning or memory"
6,"TCS-202","Aging"
6,"TCS-2207","DNA repair"
1,"TCS-2464","Extracellular matriorganization"
1,"TCS-3752","Positive regulation of transcription by RNA polymerase II"
7,"TCS-4331","Cell cycle"
3,"TCS-1212","Exocytosis"
4,"TCS-4869","Muscle contraction"
1,"TCS-3829","Multicellular organismal process"
3,"TCS-641","B cell activation"
1,"TCS-1296","Cellular process"
1,"TCS-1544","Learning or memory"
1,"TCS-4452","Aging"
1,"TCS-3517","Synaptic vesicle recycling"
5,"TCS-1576","Response to stimulus"
1,"TCS-3482","Developmental process"
2,"TCS-268","Immune response"
4,"TCS-4786","Cellular response to hypoxia"
2,"TCS-1518","Detoxification"
7,"TCS-421","Transcription, DNA-templated"
6,"TCS-4775","Regulation of biological process"
2,"TCS-1772","Response to stimulus"
2,"TCS-2546","Circadian rhythm"
10,"TCS-436","Extracellular matriorganization"
4,"TCS-3083","Transport"
1,"TCS-1224","Hemostasis"
1,"TCS-851","Transcription, DNA-templated"
3,"TCS-1155","Cellular metabolic process"
3,"TCS-4445","T cell activation"
4,"TCS-1503","Localization"
1,"TCS-397","Regulation of signaling"
1,"TCS-4706","RNA processing"
6,"TCS-1016","Inflammatory response"
2,"TCS-3612","Transport"
1,"TCS-749","Lipid metabolic process"
1,"TCS-213","Response to UV"
2,"TCS-2649","Biological regulation"
2,"TCS-2630","Aging"
3,"TCS-186","Muscle contraction"
3,"TCS-683","Axon guidance"
1,"TCS-552","Lipid metabolic process"
3,"TCS-2529","Aging"
1,"TCS-989","Cellular respiration"
1,"TCS-3560","Negative regulation of transcription"
1,"TCS-3456","Stem cell differentiation"
2,"TCS-878","Response to cold"
5,"TCS-4027","Thermoregulation"
6,"TCS-4416","Hair follicle development"
8,"TCS-2596","Biological regulation"
8,"TCS-1148","T cell activation"
1,"TCS-1764","Bone mineralization"
6,"TCS-3408","Response to cold"
9,"TCS-1037","Autophagy"
5,"TCS-2017","Spliceosomal compleassembly"
10,"TCS-542","Pigmentation"
3,"TCS-4103","Circadian rhythm"
1,"TCS-2885","Bone mineralization"
6,"TCS-4351","Hormone metabolic process"
1,"TCS-2910","Organ development"
4,"TCS-2533","Cell cycle"
4,"TCS-3092","Cell communication"
2,"TCS-757","Extracellular matriorganization"
5,"TCS-1459","Vesicle-mediated transport"
2,"TCS-3959","Bone mineralization"
7,"TCS-2626","Tissue development"
7,"TCS-2779","Regulation of transcription, DNA-templated"
3,"TCS-1867","Organ development"
1,"TCS-2121","Autophagy"
2,"TCS-4793","Biological regulation"
1,"TCS-1421","Autophagy"
1,"TCS-2160","Cellular respiration"
1,"TCS-329","Immune response"
2,"TCS-4486","Regulation of signaling"
4,"TCS-3013","DNA repair"
2,"TCS-3473","Translation"
3,"TCS-1809","Hair follicle development"
1,"TCS-864","Antigen processing and presentation"
6,"TCS-4318","B cell activation"
1,"TCS-4814","Immune system process"
1,"TCS-4845","Cell communication"
3,"TCS-4444","Transport"
1,"TCS-3863","Platelet activation"
10,"TCS-662","Response to UV"
3,"TCS-1616","Antigen processing and presentation"
1,"TCS-4292","Response to hormone"
1,"TCS-217","Cellular respiration"
3,"TCS-1290","Regulation of transcription, DNA-templated"
1,"TCS-634","Chromosome segregation"
1,"TCS-2128","Exocytosis"
2,"TCS-122","Regulation of translation"
1,"TCS-738","Wound healing"
1,"TCS-3042","Pigmentation"
7,"TCS-3732","Embryo development"
2,"TCS-219","Hormone metabolic process"
3,"TCS-1976","Response to UV"
2,"TCS-3016","Response to stimulus"
1,"TCS-4409","B cell activation"
1,"TCS-1169","Oocyte development"
8,"TCS-1026","Inflammatory response"
3,"TCS-723","Angiogenesis"
1,"TCS-923","Cellular process"
4,"TCS-3180","Response to cold"
1,"TCS-1260","Photosynthesis"
4,"TCS-4651","Regulation of signaling"
4,"TCS-3446","Learning or memory"
1,"TCS-2356","Angiogenesis"
1,"TCS-2339","Response to oxidative stress"
3,"TCS-111","Neurogenesis"
1,"TCS-642","Protein metabolic process"
4,"TCS-3758","Photosynthesis"
1,"TCS-2769","Antigen processing and presentation"
3,"TCS-1850","Signal transduction"
2,"TCS-3040","Cell communication"
5,"TCS-1996","Response to cold"
1,"TCS-2791","DNA replication"
4,"TCS-3504","Oocyte development"
3,"TCS-1521","Cell differentiation"
1,"TCS-3183","Negative regulation of transcription"
5,"TCS-2037","Cell communication"
4,"TCS-1919","Signal transduction by p53 class mediator"
6,"TCS-2734","Protein metabolic process"
2,"TCS-682","Cellular respiration"
2,"TCS-2617","Hormone metabolic process"
3,"TCS-4717","Response to UV"
4,"TCS-1022","Inflammatory response"
5,"TCS-974","Signal transduction"
1,"TCS-745","Synaptic vesicle recycling"
9,"TCS-3830","Vascular development"
7,"TCS-4490","Skin development"
2,"TCS-2845","Response to hormone"
1,"TCS-302","Protein catabolic process"
1,"TCS-310","T cell activation"
1,"TCS-1580","Meiosis"
1,"TCS-3308","Autophagy"
4,"TCS-1451","Transport"
3,"TCS-2701","Stem cell differentiation"
1,"TCS-2164","Cell cycle"
2,"TCS-2657","Oocyte development"
2,"TCS-3510","Nucleotide metabolic process"
1,"TCS-578","Cell communication"
6,"TCS-2353","Spliceosomal compleassembly"
1,"TCS-3923","Stem cell differentiation"
7,"TCS-77","RNA processing"
9,"TCS-445","Cellular process"
1,"TCS-4487","Synaptic transmission"
1,"TCS-4221","RNA processing"
9,"TCS-2655","Embryo development"
6,"TCS-3347","Response to cold"
3,"TCS-957","Aging"
1,"TCS-1967","B cell activation"
5,"TCS-1836","Pigmentation"
2,"TCS-1002","Transport"
1,"TCS-2842","Hormone metabolic process"
6,"TCS-3402","Vascular development"
1,"TCS-1712","Thermoregulation"
1,"TCS-1168","Signal transduction"
1,"TCS-1010","Blood coagulation"
3,"TCS-1853","Transcription, DNA-templated"
1,"TCS-4807","Response to wounding"
1,"TCS-4169","Exocytosis"
2,"TCS-1090","Blood coagulation"
2,"TCS-879","Glycolysis"
2,"TCS-1047","Developmental process"
1,"TCS-4598","Biological regulation"
3,"TCS-3261","Negative regulation of transcription"
1,"TCS-1626","Synaptic transmission"
2,"TCS-2397","Protein catabolic process"
8,"TCS-4316","Skin development"
1,"TCS-2285","Immune system process"
2,"TCS-4876","Muscle contraction"
3,"TCS-3884","Vascular development"
1,"TCS-2515","Cell division"
1,"TCS-2469","Regulation of metabolic process"
1,"TCS-4586","Transcription, DNA-templated"
4,"TCS-1411","Organ development"
1,"TCS-870","RNA processing"
2,"TCS-766","Neurogenesis"
3,"TCS-1170","Photosynthesis"
5,"TCS-3980","Nucleotide metabolic process"
7,"TCS-2553","Response to oxidative stress"
1,"TCS-488","Response to UV"
5,"TCS-2795","Cell communication"
3,"TCS-1922","Multicellular organismal process"
4,"TCS-4780","Tissue development"
1,"TCS-94","Embryo development"
2,"TCS-2165","Negative regulation of transcription"
2,"TCS-3421","Regulation of transcription, DNA-templated"
3,"TCS-143","Antigen processing and presentation"
7,"TCS-2309","Aging"
10,"TCS-2394","Meiosis"
9,"TCS-3208","DNA replication"
4,"TCS-3448","Response to wounding"
1,"TCS-2666","Immune response"
1,"TCS-4352","Exocytosis"
9,"TCS-906","Embryo development"
3,"TCS-2183","Exocytosis"
1,"TCS-371","Tissue development"
3,"TCS-767","Regulation of transcription, DNA-templated"
6,"TCS-646","Antigen processing and presentation"
5,"TCS-3635","Blood coagulation"
1,"TCS-364","Drug metabolism"
2,"TCS-2587","Response to cold"
1,"TCS-3239","Cellular response to hypoxia"
9,"TCS-2745","Signal transduction"
3,"TCS-2173","Mitosis"
1,"TCS-1304","Hair follicle development"
3,"TCS-3507","Signal transduction"
1,"TCS-4228","Regulation of translation"
6,"TCS-4942","RNA processing"
4,"TCS-813","Tissue development"
6,"TCS-4353","Vascular development"
1,"TCS-1252","Muscle contraction"
1,"TCS-4993","Cellular response to DNA damage stimulus"
7,"TCS-3393","Response to UV"
2,"TCS-1889","Extracellular matriorganization"
6,"TCS-4480","Endocytosis"
6,"TCS-3440","T cell activation"
2,"TCS-3850","Mitosis"
1,"TCS-2203","Negative regulation of transcription"
1,"TCS-4656","Hair follicle development"
9,"TCS-3630","Aging"
7,"TCS-2968","Developmental process"
1,"TCS-4535","Circadian rhythm"
9,"TCS-1909","Apoptotic process"
1,"TCS-1824","Cellular response to DNA damage stimulus"
7,"TCS-4804","T cell activation"
9,"TCS-3324","Hair follicle development"
6,"TCS-441","Cell cycle"
1,"TCS-1754","Immune system process"
9,"TCS-2317","Regulation of gene expression"
2,"TCS-3156","Cell cycle"
4,"TCS-3587","Bone mineralization"
1,"TCS-561","Neuron differentiation"
2,"TCS-2729","Immune system process"
8,"TCS-899","Biological regulation"
2,"TCS-484","Signal transduction by p53 class mediator"
10,"TCS-2503","Regulation of biological process"
1,"TCS-2582","Blood coagulation"
6,"TCS-2504","Tissue development"
1,"TCS-281","Carbohydrate metabolic process"
4,"TCS-573","DNA repair"
1,"TCS-2071","Localization"
4,"TCS-2534","Regulation of biological process"
4,"TCS-687","Angiogenesis"
1,"TCS-1972","Neuron differentiation"
2,"TCS-841","B cell activation"
4,"TCS-394","Translation"
3,"TCS-2132","Reproductive structure development"
2,"TCS-3082","Endocytosis"
1,"TCS-3556","Exocytosis"
2,"TCS-145","Blood coagulation"
1,"TCS-3087","Response to UV"
1,"TCS-170","Platelet activation"
8,"TCS-3397","Vascular development"
1,"TCS-1040","Apoptotic process"
2,"TCS-1386","Vascular development"
2,"TCS-2830","Hormone metabolic process"
5,"TCS-4726","Synaptic vesicle recycling"
5,"TCS-2360","Lipid metabolic process"
3,"TCS-3763","Photosynthesis"
3,"TCS-3609","Negative regulation of transcription"
8,"TCS-709","DNA replication"
10,"TCS-1921","Cell migration"
4,"TCS-3422","Cell cycle"
8,"TCS-4899","RNA processing"
4,"TCS-4889","Protein metabolic process"
5,"TCS-1528","Synaptic vesicle recycling"
6,"TCS-1222","Synaptic transmission"
10,"TCS-3926","Protein folding"
3,"TCS-211","Amino acid metabolic process"
9,"TCS-1485","Reproductive structure development"
1,"TCS-1523","Biological regulation"
6,"TCS-3755","Skin development"
6,"TCS-4118","Reproductive process"
4,"TCS-4965","Cellular response to heat"
5,"TCS-4508","Positive regulation of transcription by RNA polymerase II"
8,"TCS-2721","Hair follicle development"
1,"TCS-1654","Angiogenesis"
10,"TCS-530","Organ development"
1,"TCS-4918","Endocytosis"
1,"TCS-4232","Cellular metabolic process"
1,"TCS-4536","Bone mineralization"
5,"TCS-1195","Stem cell differentiation"
6,"TCS-50","Cell communication"
2,"TCS-2443","Muscle contraction"
6,"TCS-3485","Blood coagulation"
3,"TCS-3425","Response to stimulus"
1,"TCS-3311","Extracellular matriorganization"
2,"TCS-1443","Bone mineralization"
1,"TCS-3761","Cellular respiration"
8,"TCS-1092","Response to hormone"
6,"TCS-4779","Response to UV"
1,"TCS-4613","Photosynthesis"
1,"TCS-1356","Protein catabolic process"
1,"TCS-4281","Hair follicle development"
3,"TCS-3146","Endocytosis"
2,"TCS-3535","Platelet activation"
1,"TCS-3291","Muscle contraction"
8,"TCS-736","Response to hormone"
2,"TCS-2870","Regulation of translation"
3,"TCS-4594","Thermoregulation"
3,"TCS-2889","Organ development"
7,"TCS-1244","Thermoregulation"
2,"TCS-3536","Cellular response to DNA damage stimulus"
2,"TCS-1153","Antigen processing and presentation"
5,"TCS-866","Aging"
7,"TCS-2513","RNA processing"
6,"TCS-814","Muscle contraction"
3,"TCS-1167","T cell activation"
4,"TCS-1771","Response to cold"
1,"TCS-4928","Chemotaxis"
1,"TCS-4823","Regulation of gene expression"
