"year","month","sunspots"
1749,"Jan",58
1749,"Feb",62.6
1749,"Mar",70
1749,"Apr",55.7
1749,"May",85
1749,"Jun",83.5
1749,"Jul",94.8
1749,"Aug",66.3
1749,"Sep",75.9
1749,"Oct",75.5
1749,"Nov",158.6
1749,"Dec",85.2
1750,"Jan",73.3
1750,"Feb",75.9
1750,"Mar",89.2
1750,"Apr",88.3
1750,"May",90
1750,"Jun",100
1750,"Jul",85.4
1750,"Aug",103
1750,"Sep",91.2
1750,"Oct",65.7
1750,"Nov",63.3
1750,"Dec",75.4
1751,"Jan",70
1751,"Feb",43.5
1751,"Mar",45.3
1751,"Apr",56.4
1751,"May",60.7
1751,"Jun",50.7
1751,"Jul",66.3
1751,"Aug",59.8
1751,"Sep",23.5
1751,"Oct",23.2
1751,"Nov",28.5
1751,"Dec",44
1752,"Jan",35
1752,"Feb",50
1752,"Mar",71
1752,"Apr",59.3
1752,"May",59.7
1752,"Jun",39.6
1752,"Jul",78.4
1752,"Aug",29.3
1752,"Sep",27.1
1752,"Oct",46.6
1752,"Nov",37.6
1752,"Dec",40
1753,"Jan",44
1753,"Feb",32
1753,"Mar",45.7
1753,"Apr",38
1753,"May",36
1753,"Jun",31.7
1753,"Jul",22.2
1753,"Aug",39
1753,"Sep",28
1753,"Oct",25
1753,"Nov",20
1753,"Dec",6.7
1754,"Jan",0
1754,"Feb",3
1754,"Mar",1.7
1754,"Apr",13.7
1754,"May",20.7
1754,"Jun",26.7
1754,"Jul",18.8
1754,"Aug",12.3
1754,"Sep",8.2
1754,"Oct",24.1
1754,"Nov",13.2
1754,"Dec",4.2
1755,"Jan",10.2
1755,"Feb",11.2
1755,"Mar",6.8
1755,"Apr",6.5
1755,"May",0
1755,"Jun",0
1755,"Jul",8.6
1755,"Aug",3.2
1755,"Sep",17.8
1755,"Oct",23.7
1755,"Nov",6.8
1755,"Dec",20
1756,"Jan",12.5
1756,"Feb",7.1
1756,"Mar",5.4
1756,"Apr",9.4
1756,"May",12.5
1756,"Jun",12.9
1756,"Jul",3.6
1756,"Aug",6.4
1756,"Sep",11.8
1756,"Oct",14.3
1756,"Nov",17
1756,"Dec",9.4
1757,"Jan",14.1
1757,"Feb",21.2
1757,"Mar",26.2
1757,"Apr",30
1757,"May",38.1
1757,"Jun",12.8
1757,"Jul",25
1757,"Aug",51.3
1757,"Sep",39.7
1757,"Oct",32.5
1757,"Nov",64.7
1757,"Dec",33.5
1758,"Jan",37.6
1758,"Feb",52
1758,"Mar",49
1758,"Apr",72.3
1758,"May",46.4
1758,"Jun",45
1758,"Jul",44
1758,"Aug",38.7
1758,"Sep",62.5
1758,"Oct",37.7
1758,"Nov",43
1758,"Dec",43
1759,"Jan",48.3
1759,"Feb",44
1759,"Mar",46.8
1759,"Apr",47
1759,"May",49
1759,"Jun",50
1759,"Jul",51
1759,"Aug",71.3
1759,"Sep",77.2
1759,"Oct",59.7
1759,"Nov",46.3
1759,"Dec",57
1760,"Jan",67.3
1760,"Feb",59.5
1760,"Mar",74.7
1760,"Apr",58.3
1760,"May",72
1760,"Jun",48.3
1760,"Jul",66
1760,"Aug",75.6
1760,"Sep",61.3
1760,"Oct",50.6
1760,"Nov",59.7
1760,"Dec",61
1761,"Jan",70
1761,"Feb",91
1761,"Mar",80.7
1761,"Apr",71.7
1761,"May",107.2
1761,"Jun",99.3
1761,"Jul",94.1
1761,"Aug",91.1
1761,"Sep",100.7
1761,"Oct",88.7
1761,"Nov",89.7
1761,"Dec",46
1762,"Jan",43.8
1762,"Feb",72.8
1762,"Mar",45.7
1762,"Apr",60.2
1762,"May",39.9
1762,"Jun",77.1
1762,"Jul",33.8
1762,"Aug",67.7
1762,"Sep",68.5
1762,"Oct",69.3
1762,"Nov",77.8
1762,"Dec",77.2
1763,"Jan",56.5
1763,"Feb",31.9
1763,"Mar",34.2
1763,"Apr",32.9
1763,"May",32.7
1763,"Jun",35.8
1763,"Jul",54.2
1763,"Aug",26.5
1763,"Sep",68.1
1763,"Oct",46.3
1763,"Nov",60.9
1763,"Dec",61.4
1764,"Jan",59.7
1764,"Feb",59.7
1764,"Mar",40.2
1764,"Apr",34.4
1764,"May",44.3
1764,"Jun",30
1764,"Jul",30
1764,"Aug",30
1764,"Sep",28.2
1764,"Oct",28
1764,"Nov",26
1764,"Dec",25.7
1765,"Jan",24
1765,"Feb",26
1765,"Mar",25
1765,"Apr",22
1765,"May",20.2
1765,"Jun",20
1765,"Jul",27
1765,"Aug",29.7
1765,"Sep",16
1765,"Oct",14
1765,"Nov",14
1765,"Dec",13
1766,"Jan",12
1766,"Feb",11
1766,"Mar",36.6
1766,"Apr",6
1766,"May",26.8
1766,"Jun",3
1766,"Jul",3.3
1766,"Aug",4
1766,"Sep",4.3
1766,"Oct",5
1766,"Nov",5.7
1766,"Dec",19.2
1767,"Jan",27.4
1767,"Feb",30
1767,"Mar",43
1767,"Apr",32.9
1767,"May",29.8
1767,"Jun",33.3
1767,"Jul",21.9
1767,"Aug",40.8
1767,"Sep",42.7
1767,"Oct",44.1
1767,"Nov",54.7
1767,"Dec",53.3
1768,"Jan",53.5
1768,"Feb",66.1
1768,"Mar",46.3
1768,"Apr",42.7
1768,"May",77.7
1768,"Jun",77.4
1768,"Jul",52.6
1768,"Aug",66.8
1768,"Sep",74.8
1768,"Oct",77.8
1768,"Nov",90.6
1768,"Dec",111.8
1769,"Jan",73.9
1769,"Feb",64.2
1769,"Mar",64.3
1769,"Apr",96.7
1769,"May",73.6
1769,"Jun",94.4
1769,"Jul",118.6
1769,"Aug",120.3
1769,"Sep",148.8
1769,"Oct",158.2
1769,"Nov",148.1
1769,"Dec",112
1770,"Jan",104
1770,"Feb",142.5
1770,"Mar",80.1
1770,"Apr",51
1770,"May",70.1
1770,"Jun",83.3
1770,"Jul",109.8
1770,"Aug",126.3
1770,"Sep",104.4
1770,"Oct",103.6
1770,"Nov",132.2
1770,"Dec",102.3
1771,"Jan",36
1771,"Feb",46.2
1771,"Mar",46.7
1771,"Apr",64.9
1771,"May",152.7
1771,"Jun",119.5
1771,"Jul",67.7
1771,"Aug",58.5
1771,"Sep",101.4
1771,"Oct",90
1771,"Nov",99.7
1771,"Dec",95.7
1772,"Jan",100.9
1772,"Feb",90.8
1772,"Mar",31.1
1772,"Apr",92.2
1772,"May",38
1772,"Jun",57
1772,"Jul",77.3
1772,"Aug",56.2
1772,"Sep",50.5
1772,"Oct",78.6
1772,"Nov",61.3
1772,"Dec",64
1773,"Jan",54.6
1773,"Feb",29
1773,"Mar",51.2
1773,"Apr",32.9
1773,"May",41.1
1773,"Jun",28.4
1773,"Jul",27.7
1773,"Aug",12.7
1773,"Sep",29.3
1773,"Oct",26.3
1773,"Nov",40.9
1773,"Dec",43.2
1774,"Jan",46.8
1774,"Feb",65.4
1774,"Mar",55.7
1774,"Apr",43.8
1774,"May",51.3
1774,"Jun",28.5
1774,"Jul",17.5
1774,"Aug",6.6
1774,"Sep",7.9
1774,"Oct",14
1774,"Nov",17.7
1774,"Dec",12.2
1775,"Jan",4.4
1775,"Feb",0
1775,"Mar",11.6
1775,"Apr",11.2
1775,"May",3.9
1775,"Jun",12.3
1775,"Jul",1
1775,"Aug",7.9
1775,"Sep",3.2
1775,"Oct",5.6
1775,"Nov",15.1
1775,"Dec",7.9
1776,"Jan",21.7
1776,"Feb",11.6
1776,"Mar",6.3
1776,"Apr",21.8
1776,"May",11.2
1776,"Jun",19
1776,"Jul",1
1776,"Aug",24.2
1776,"Sep",16
1776,"Oct",30
1776,"Nov",35
1776,"Dec",40
1777,"Jan",45
1777,"Feb",36.5
1777,"Mar",39
1777,"Apr",95.5
1777,"May",80.3
1777,"Jun",80.7
1777,"Jul",95
1777,"Aug",112
1777,"Sep",116.2
1777,"Oct",106.5
1777,"Nov",146
1777,"Dec",157.3
1778,"Jan",177.3
1778,"Feb",109.3
1778,"Mar",134
1778,"Apr",145
1778,"May",238.9
1778,"Jun",171.6
1778,"Jul",153
1778,"Aug",140
1778,"Sep",171.7
1778,"Oct",156.3
1778,"Nov",150.3
1778,"Dec",105
1779,"Jan",114.7
1779,"Feb",165.7
1779,"Mar",118
1779,"Apr",145
1779,"May",140
1779,"Jun",113.7
1779,"Jul",143
1779,"Aug",112
1779,"Sep",111
1779,"Oct",124
1779,"Nov",114
1779,"Dec",110
1780,"Jan",70
1780,"Feb",98
1780,"Mar",98
1780,"Apr",95
1780,"May",107.2
1780,"Jun",88
1780,"Jul",86
1780,"Aug",86
1780,"Sep",93.7
1780,"Oct",77
1780,"Nov",60
1780,"Dec",58.7
1781,"Jan",98.7
1781,"Feb",74.7
1781,"Mar",53
1781,"Apr",68.3
1781,"May",104.7
1781,"Jun",97.7
1781,"Jul",73.5
1781,"Aug",66
1781,"Sep",51
1781,"Oct",27.3
1781,"Nov",67
1781,"Dec",35.2
1782,"Jan",54
1782,"Feb",37.5
1782,"Mar",37
1782,"Apr",41
1782,"May",54.3
1782,"Jun",38
1782,"Jul",37
1782,"Aug",44
1782,"Sep",34
1782,"Oct",23.2
1782,"Nov",31.5
1782,"Dec",30
1783,"Jan",28
1783,"Feb",38.7
1783,"Mar",26.7
1783,"Apr",28.3
1783,"May",23
1783,"Jun",25.2
1783,"Jul",32.2
1783,"Aug",20
1783,"Sep",18
1783,"Oct",8
1783,"Nov",15
1783,"Dec",10.5
1784,"Jan",13
1784,"Feb",8
1784,"Mar",11
1784,"Apr",10
1784,"May",6
1784,"Jun",9
1784,"Jul",6
1784,"Aug",10
1784,"Sep",10
1784,"Oct",8
1784,"Nov",17
1784,"Dec",14
1785,"Jan",6.5
1785,"Feb",8
1785,"Mar",9
1785,"Apr",15.7
1785,"May",20.7
1785,"Jun",26.3
1785,"Jul",36.3
1785,"Aug",20
1785,"Sep",32
1785,"Oct",47.2
1785,"Nov",40.2
1785,"Dec",27.3
1786,"Jan",37.2
1786,"Feb",47.6
1786,"Mar",47.7
1786,"Apr",85.4
1786,"May",92.3
1786,"Jun",59
1786,"Jul",83
1786,"Aug",89.7
1786,"Sep",111.5
1786,"Oct",112.3
1786,"Nov",116
1786,"Dec",112.7
1787,"Jan",134.7
1787,"Feb",106
1787,"Mar",87.4
1787,"Apr",127.2
1787,"May",134.8
1787,"Jun",99.2
1787,"Jul",128
1787,"Aug",137.2
1787,"Sep",157.3
1787,"Oct",157
1787,"Nov",141.5
1787,"Dec",174
1788,"Jan",138
1788,"Feb",129.2
1788,"Mar",143.3
1788,"Apr",108.5
1788,"May",113
1788,"Jun",154.2
1788,"Jul",141.5
1788,"Aug",136
1788,"Sep",141
1788,"Oct",142
1788,"Nov",94.7
1788,"Dec",129.5
1789,"Jan",114
1789,"Feb",125.3
1789,"Mar",120
1789,"Apr",123.3
1789,"May",123.5
1789,"Jun",120
1789,"Jul",117
1789,"Aug",103
1789,"Sep",112
1789,"Oct",89.7
1789,"Nov",134
1789,"Dec",135.5
1790,"Jan",103
1790,"Feb",127.5
1790,"Mar",96.3
1790,"Apr",94
1790,"May",93
1790,"Jun",91
1790,"Jul",69.3
1790,"Aug",87
1790,"Sep",77.3
1790,"Oct",84.3
1790,"Nov",82
1790,"Dec",74
1791,"Jan",72.7
1791,"Feb",62
1791,"Mar",74
1791,"Apr",77.2
1791,"May",73.7
1791,"Jun",64.2
1791,"Jul",71
1791,"Aug",43
1791,"Sep",66.5
1791,"Oct",61.7
1791,"Nov",67
1791,"Dec",66
1792,"Jan",58
1792,"Feb",64
1792,"Mar",63
1792,"Apr",75.7
1792,"May",62
1792,"Jun",61
1792,"Jul",45.8
1792,"Aug",60
1792,"Sep",59
1792,"Oct",59
1792,"Nov",57
1792,"Dec",56
1793,"Jan",56
1793,"Feb",55
1793,"Mar",55.5
1793,"Apr",53
1793,"May",52.3
1793,"Jun",51
1793,"Jul",50
1793,"Aug",29.3
1793,"Sep",24
1793,"Oct",47
1793,"Nov",44
1793,"Dec",45.7
1794,"Jan",45
1794,"Feb",44
1794,"Mar",38
1794,"Apr",28.4
1794,"May",55.7
1794,"Jun",41.5
1794,"Jul",41
1794,"Aug",40
1794,"Sep",11.1
1794,"Oct",28.5
1794,"Nov",67.4
1794,"Dec",51.4
1795,"Jan",21.4
1795,"Feb",39.9
1795,"Mar",12.6
1795,"Apr",18.6
1795,"May",31
1795,"Jun",17.1
1795,"Jul",12.9
1795,"Aug",25.7
1795,"Sep",13.5
1795,"Oct",19.5
1795,"Nov",25
1795,"Dec",18
1796,"Jan",22
1796,"Feb",23.8
1796,"Mar",15.7
1796,"Apr",31.7
1796,"May",21
1796,"Jun",6.7
1796,"Jul",26.9
1796,"Aug",1.5
1796,"Sep",18.4
1796,"Oct",11
1796,"Nov",8.4
1796,"Dec",5.1
1797,"Jan",14.4
1797,"Feb",4.2
1797,"Mar",4
1797,"Apr",4
1797,"May",7.3
1797,"Jun",11.1
1797,"Jul",4.3
1797,"Aug",6
1797,"Sep",5.7
1797,"Oct",6.9
1797,"Nov",5.8
1797,"Dec",3
1798,"Jan",2
1798,"Feb",4
1798,"Mar",12.4
1798,"Apr",1.1
1798,"May",0
1798,"Jun",0
1798,"Jul",0
1798,"Aug",3
1798,"Sep",2.4
1798,"Oct",1.5
1798,"Nov",12.5
1798,"Dec",9.9
1799,"Jan",1.6
1799,"Feb",12.6
1799,"Mar",21.7
1799,"Apr",8.4
1799,"May",8.2
1799,"Jun",10.6
1799,"Jul",2.1
1799,"Aug",0
1799,"Sep",0
1799,"Oct",4.6
1799,"Nov",2.7
1799,"Dec",8.6
1800,"Jan",6.9
1800,"Feb",9.3
1800,"Mar",13.9
1800,"Apr",0
1800,"May",5
1800,"Jun",23.7
1800,"Jul",21
1800,"Aug",19.5
1800,"Sep",11.5
1800,"Oct",12.3
1800,"Nov",10.5
1800,"Dec",40.1
1801,"Jan",27
1801,"Feb",29
1801,"Mar",30
1801,"Apr",31
1801,"May",32
1801,"Jun",31.2
1801,"Jul",35
1801,"Aug",38.7
1801,"Sep",33.5
1801,"Oct",32.6
1801,"Nov",39.8
1801,"Dec",48.2
1802,"Jan",47.8
1802,"Feb",47
1802,"Mar",40.8
1802,"Apr",42
1802,"May",44
1802,"Jun",46
1802,"Jul",48
1802,"Aug",50
1802,"Sep",51.8
1802,"Oct",38.5
1802,"Nov",34.5
1802,"Dec",50
1803,"Jan",50
1803,"Feb",50.8
1803,"Mar",29.5
1803,"Apr",25
1803,"May",44.3
1803,"Jun",36
1803,"Jul",48.3
1803,"Aug",34.1
1803,"Sep",45.3
1803,"Oct",54.3
1803,"Nov",51
1803,"Dec",48
1804,"Jan",45.3
1804,"Feb",48.3
1804,"Mar",48
1804,"Apr",50.6
1804,"May",33.4
1804,"Jun",34.8
1804,"Jul",29.8
1804,"Aug",43.1
1804,"Sep",53
1804,"Oct",62.3
1804,"Nov",61
1804,"Dec",60
1805,"Jan",61
1805,"Feb",44.1
1805,"Mar",51.4
1805,"Apr",37.5
1805,"May",39
1805,"Jun",40.5
1805,"Jul",37.6
1805,"Aug",42.7
1805,"Sep",44.4
1805,"Oct",29.4
1805,"Nov",41
1805,"Dec",38.3
1806,"Jan",39
1806,"Feb",29.6
1806,"Mar",32.7
1806,"Apr",27.7
1806,"May",26.4
1806,"Jun",25.6
1806,"Jul",30
1806,"Aug",26.3
1806,"Sep",24
1806,"Oct",27
1806,"Nov",25
1806,"Dec",24
1807,"Jan",12
1807,"Feb",12.2
1807,"Mar",9.6
1807,"Apr",23.8
1807,"May",10
1807,"Jun",12
1807,"Jul",12.7
1807,"Aug",12
1807,"Sep",5.7
1807,"Oct",8
1807,"Nov",2.6
1807,"Dec",0
1808,"Jan",0
1808,"Feb",4.5
1808,"Mar",0
1808,"Apr",12.3
1808,"May",13.5
1808,"Jun",13.5
1808,"Jul",6.7
1808,"Aug",8
1808,"Sep",11.7
1808,"Oct",4.7
1808,"Nov",10.5
1808,"Dec",12.3
1809,"Jan",7.2
1809,"Feb",9.2
1809,"Mar",0.9
1809,"Apr",2.5
1809,"May",2
1809,"Jun",7.7
1809,"Jul",0.3
1809,"Aug",0.2
1809,"Sep",0.4
1809,"Oct",0
1809,"Nov",0
1809,"Dec",0
1810,"Jan",0
1810,"Feb",0
1810,"Mar",0
1810,"Apr",0
1810,"May",0
1810,"Jun",0
1810,"Jul",0
1810,"Aug",0
1810,"Sep",0
1810,"Oct",0
1810,"Nov",0
1810,"Dec",0
1811,"Jan",0
1811,"Feb",0
1811,"Mar",0
1811,"Apr",0
1811,"May",0
1811,"Jun",0
1811,"Jul",6.6
1811,"Aug",0
1811,"Sep",2.4
1811,"Oct",6.1
1811,"Nov",0.8
1811,"Dec",1.1
1812,"Jan",11.3
1812,"Feb",1.9
1812,"Mar",0.7
1812,"Apr",0
1812,"May",1
1812,"Jun",1.3
1812,"Jul",0.5
1812,"Aug",15.6
1812,"Sep",5.2
1812,"Oct",3.9
1812,"Nov",7.9
1812,"Dec",10.1
1813,"Jan",0
1813,"Feb",10.3
1813,"Mar",1.9
1813,"Apr",16.6
1813,"May",5.5
1813,"Jun",11.2
1813,"Jul",18.3
1813,"Aug",8.4
1813,"Sep",15.3
1813,"Oct",27.8
1813,"Nov",16.7
1813,"Dec",14.3
1814,"Jan",22.2
1814,"Feb",12
1814,"Mar",5.7
1814,"Apr",23.8
1814,"May",5.8
1814,"Jun",14.9
1814,"Jul",18.5
1814,"Aug",2.3
1814,"Sep",8.1
1814,"Oct",19.3
1814,"Nov",14.5
1814,"Dec",20.1
1815,"Jan",19.2
1815,"Feb",32.2
1815,"Mar",26.2
1815,"Apr",31.6
1815,"May",9.8
1815,"Jun",55.9
1815,"Jul",35.5
1815,"Aug",47.2
1815,"Sep",31.5
1815,"Oct",33.5
1815,"Nov",37.2
1815,"Dec",65
1816,"Jan",26.3
1816,"Feb",68.8
1816,"Mar",73.7
1816,"Apr",58.8
1816,"May",44.3
1816,"Jun",43.6
1816,"Jul",38.8
1816,"Aug",23.2
1816,"Sep",47.8
1816,"Oct",56.4
1816,"Nov",38.1
1816,"Dec",29.9
1817,"Jan",36.4
1817,"Feb",57.9
1817,"Mar",96.2
1817,"Apr",26.4
1817,"May",21.2
1817,"Jun",40
1817,"Jul",50
1817,"Aug",45
1817,"Sep",36.7
1817,"Oct",25.6
1817,"Nov",28.9
1817,"Dec",28.4
1818,"Jan",34.9
1818,"Feb",22.4
1818,"Mar",25.4
1818,"Apr",34.5
1818,"May",53.1
1818,"Jun",36.4
1818,"Jul",28
1818,"Aug",31.5
1818,"Sep",26.1
1818,"Oct",31.7
1818,"Nov",10.9
1818,"Dec",25.8
1819,"Jan",32.5
1819,"Feb",20.7
1819,"Mar",3.7
1819,"Apr",20.2
1819,"May",19.6
1819,"Jun",35
1819,"Jul",31.4
1819,"Aug",26.1
1819,"Sep",14.9
1819,"Oct",27.5
1819,"Nov",25.1
1819,"Dec",30.6
1820,"Jan",19.2
1820,"Feb",26.6
1820,"Mar",4.5
1820,"Apr",19.4
1820,"May",29.3
1820,"Jun",10.8
1820,"Jul",20.6
1820,"Aug",25.9
1820,"Sep",5.2
1820,"Oct",9
1820,"Nov",7.9
1820,"Dec",9.7
1821,"Jan",21.5
1821,"Feb",4.3
1821,"Mar",5.7
1821,"Apr",9.2
1821,"May",1.7
1821,"Jun",1.8
1821,"Jul",2.5
1821,"Aug",4.8
1821,"Sep",4.4
1821,"Oct",18.8
1821,"Nov",4.4
1821,"Dec",0
1822,"Jan",0
1822,"Feb",0.9
1822,"Mar",16.1
1822,"Apr",13.5
1822,"May",1.5
1822,"Jun",5.6
1822,"Jul",7.9
1822,"Aug",2.1
1822,"Sep",0
1822,"Oct",0.4
1822,"Nov",0
1822,"Dec",0
1823,"Jan",0
1823,"Feb",0
1823,"Mar",0.6
1823,"Apr",0
1823,"May",0
1823,"Jun",0
1823,"Jul",0.5
1823,"Aug",0
1823,"Sep",0
1823,"Oct",0
1823,"Nov",0
1823,"Dec",20.4
1824,"Jan",21.6
1824,"Feb",10.8
1824,"Mar",0
1824,"Apr",19.4
1824,"May",2.8
1824,"Jun",0
1824,"Jul",0
1824,"Aug",1.4
1824,"Sep",20.5
1824,"Oct",25.2
1824,"Nov",0
1824,"Dec",0.8
1825,"Jan",5
1825,"Feb",15.5
1825,"Mar",22.4
1825,"Apr",3.8
1825,"May",15.4
1825,"Jun",15.4
1825,"Jul",30.9
1825,"Aug",25.4
1825,"Sep",15.7
1825,"Oct",15.6
1825,"Nov",11.7
1825,"Dec",22
1826,"Jan",17.7
1826,"Feb",18.2
1826,"Mar",36.7
1826,"Apr",24
1826,"May",32.4
1826,"Jun",37.1
1826,"Jul",52.5
1826,"Aug",39.6
1826,"Sep",18.9
1826,"Oct",50.6
1826,"Nov",39.5
1826,"Dec",68.1
1827,"Jan",34.6
1827,"Feb",47.4
1827,"Mar",57.8
1827,"Apr",46
1827,"May",56.3
1827,"Jun",56.7
1827,"Jul",42.9
1827,"Aug",53.7
1827,"Sep",49.6
1827,"Oct",57.2
1827,"Nov",48.2
1827,"Dec",46.1
1828,"Jan",52.8
1828,"Feb",64.4
1828,"Mar",65
1828,"Apr",61.1
1828,"May",89.1
1828,"Jun",98
1828,"Jul",54.3
1828,"Aug",76.4
1828,"Sep",50.4
1828,"Oct",54.7
1828,"Nov",57
1828,"Dec",46.6
1829,"Jan",43
1829,"Feb",49.4
1829,"Mar",72.3
1829,"Apr",95
1829,"May",67.5
1829,"Jun",73.9
1829,"Jul",90.8
1829,"Aug",78.3
1829,"Sep",52.8
1829,"Oct",57.2
1829,"Nov",67.6
1829,"Dec",56.5
1830,"Jan",52.2
1830,"Feb",72.1
1830,"Mar",84.6
1830,"Apr",107.1
1830,"May",66.3
1830,"Jun",65.1
1830,"Jul",43.9
1830,"Aug",50.7
1830,"Sep",62.1
1830,"Oct",84.4
1830,"Nov",81.2
1830,"Dec",82.1
1831,"Jan",47.5
1831,"Feb",50.1
1831,"Mar",93.4
1831,"Apr",54.6
1831,"May",38.1
1831,"Jun",33.4
1831,"Jul",45.2
1831,"Aug",54.9
1831,"Sep",37.9
1831,"Oct",46.2
1831,"Nov",43.5
1831,"Dec",28.9
1832,"Jan",30.9
1832,"Feb",55.5
1832,"Mar",55.1
1832,"Apr",26.9
1832,"May",41.3
1832,"Jun",26.7
1832,"Jul",13.9
1832,"Aug",8.9
1832,"Sep",8.2
1832,"Oct",21.1
1832,"Nov",14.3
1832,"Dec",27.5
1833,"Jan",11.3
1833,"Feb",14.9
1833,"Mar",11.8
1833,"Apr",2.8
1833,"May",12.9
1833,"Jun",1
1833,"Jul",7
1833,"Aug",5.7
1833,"Sep",11.6
1833,"Oct",7.5
1833,"Nov",5.9
1833,"Dec",9.9
1834,"Jan",4.9
1834,"Feb",18.1
1834,"Mar",3.9
1834,"Apr",1.4
1834,"May",8.8
1834,"Jun",7.8
1834,"Jul",8.7
1834,"Aug",4
1834,"Sep",11.5
1834,"Oct",24.8
1834,"Nov",30.5
1834,"Dec",34.5
1835,"Jan",7.5
1835,"Feb",24.5
1835,"Mar",19.7
1835,"Apr",61.5
1835,"May",43.6
1835,"Jun",33.2
1835,"Jul",59.8
1835,"Aug",59
1835,"Sep",100.8
1835,"Oct",95.2
1835,"Nov",100
1835,"Dec",77.5
1836,"Jan",88.6
1836,"Feb",107.6
1836,"Mar",98.1
1836,"Apr",142.9
1836,"May",111.4
1836,"Jun",124.7
1836,"Jul",116.7
1836,"Aug",107.8
1836,"Sep",95.1
1836,"Oct",137.4
1836,"Nov",120.9
1836,"Dec",206.2
1837,"Jan",188
1837,"Feb",175.6
1837,"Mar",134.6
1837,"Apr",138.2
1837,"May",111.3
1837,"Jun",158
1837,"Jul",162.8
1837,"Aug",134
1837,"Sep",96.3
1837,"Oct",123.7
1837,"Nov",107
1837,"Dec",129.8
1838,"Jan",144.9
1838,"Feb",84.8
1838,"Mar",140.8
1838,"Apr",126.6
1838,"May",137.6
1838,"Jun",94.5
1838,"Jul",108.2
1838,"Aug",78.8
1838,"Sep",73.6
1838,"Oct",90.8
1838,"Nov",77.4
1838,"Dec",79.8
1839,"Jan",107.6
1839,"Feb",102.5
1839,"Mar",77.7
1839,"Apr",61.8
1839,"May",53.8
1839,"Jun",54.6
1839,"Jul",84.7
1839,"Aug",131.2
1839,"Sep",132.7
1839,"Oct",90.8
1839,"Nov",68.8
1839,"Dec",63.6
1840,"Jan",81.2
1840,"Feb",87.7
1840,"Mar",55.5
1840,"Apr",65.9
1840,"May",69.2
1840,"Jun",48.5
1840,"Jul",60.7
1840,"Aug",57.8
1840,"Sep",74
1840,"Oct",49.8
1840,"Nov",54.3
1840,"Dec",53.7
1841,"Jan",24
1841,"Feb",29.9
1841,"Mar",29.7
1841,"Apr",42.6
1841,"May",67.4
1841,"Jun",55.7
1841,"Jul",30.8
1841,"Aug",39.3
1841,"Sep",35.1
1841,"Oct",28.5
1841,"Nov",19.8
1841,"Dec",38.8
1842,"Jan",20.4
1842,"Feb",22.1
1842,"Mar",21.7
1842,"Apr",26.9
1842,"May",24.9
1842,"Jun",20.5
1842,"Jul",12.6
1842,"Aug",26.5
1842,"Sep",18.5
1842,"Oct",38.1
1842,"Nov",40.5
1842,"Dec",17.6
1843,"Jan",13.3
1843,"Feb",3.5
1843,"Mar",8.3
1843,"Apr",8.8
1843,"May",21.1
1843,"Jun",10.5
1843,"Jul",9.5
1843,"Aug",11.8
1843,"Sep",4.2
1843,"Oct",5.3
1843,"Nov",19.1
1843,"Dec",12.7
1844,"Jan",9.4
1844,"Feb",14.7
1844,"Mar",13.6
1844,"Apr",20.8
1844,"May",12
1844,"Jun",3.7
1844,"Jul",21.2
1844,"Aug",23.9
1844,"Sep",6.9
1844,"Oct",21.5
1844,"Nov",10.7
1844,"Dec",21.6
1845,"Jan",25.7
1845,"Feb",43.6
1845,"Mar",43.3
1845,"Apr",56.9
1845,"May",47.8
1845,"Jun",31.1
1845,"Jul",30.6
1845,"Aug",32.3
1845,"Sep",29.6
1845,"Oct",40.7
1845,"Nov",39.4
1845,"Dec",59.7
1846,"Jan",38.7
1846,"Feb",51
1846,"Mar",63.9
1846,"Apr",69.2
1846,"May",59.9
1846,"Jun",65.1
1846,"Jul",46.5
1846,"Aug",54.8
1846,"Sep",107.1
1846,"Oct",55.9
1846,"Nov",60.4
1846,"Dec",65.5
1847,"Jan",62.6
1847,"Feb",44.9
1847,"Mar",85.7
1847,"Apr",44.7
1847,"May",75.4
1847,"Jun",85.3
1847,"Jul",52.2
1847,"Aug",140.6
1847,"Sep",161.2
1847,"Oct",180.4
1847,"Nov",138.9
1847,"Dec",109.6
1848,"Jan",159.1
1848,"Feb",111.8
1848,"Mar",108.9
1848,"Apr",107.1
1848,"May",102.2
1848,"Jun",123.8
1848,"Jul",139.2
1848,"Aug",132.5
1848,"Sep",100.3
1848,"Oct",132.4
1848,"Nov",114.6
1848,"Dec",159.9
1849,"Jan",156.7
1849,"Feb",131.7
1849,"Mar",96.5
1849,"Apr",102.5
1849,"May",80.6
1849,"Jun",81.2
1849,"Jul",78
1849,"Aug",61.3
1849,"Sep",93.7
1849,"Oct",71.5
1849,"Nov",99.7
1849,"Dec",97
1850,"Jan",78
1850,"Feb",89.4
1850,"Mar",82.6
1850,"Apr",44.1
1850,"May",61.6
1850,"Jun",70
1850,"Jul",39.1
1850,"Aug",61.6
1850,"Sep",86.2
1850,"Oct",71
1850,"Nov",54.8
1850,"Dec",60
1851,"Jan",75.5
1851,"Feb",105.4
1851,"Mar",64.6
1851,"Apr",56.5
1851,"May",62.6
1851,"Jun",63.2
1851,"Jul",36.1
1851,"Aug",57.4
1851,"Sep",67.9
1851,"Oct",62.5
1851,"Nov",50.9
1851,"Dec",71.4
1852,"Jan",68.4
1852,"Feb",67.5
1852,"Mar",61.2
1852,"Apr",65.4
1852,"May",54.9
1852,"Jun",46.9
1852,"Jul",42
1852,"Aug",39.7
1852,"Sep",37.5
1852,"Oct",67.3
1852,"Nov",54.3
1852,"Dec",45.4
1853,"Jan",41.1
1853,"Feb",42.9
1853,"Mar",37.7
1853,"Apr",47.6
1853,"May",34.7
1853,"Jun",40
1853,"Jul",45.9
1853,"Aug",50.4
1853,"Sep",33.5
1853,"Oct",42.3
1853,"Nov",28.8
1853,"Dec",23.4
1854,"Jan",15.4
1854,"Feb",20
1854,"Mar",20.7
1854,"Apr",26.4
1854,"May",24
1854,"Jun",21.1
1854,"Jul",18.7
1854,"Aug",15.8
1854,"Sep",22.4
1854,"Oct",12.7
1854,"Nov",28.2
1854,"Dec",21.4
1855,"Jan",12.3
1855,"Feb",11.4
1855,"Mar",17.4
1855,"Apr",4.4
1855,"May",9.1
1855,"Jun",5.3
1855,"Jul",0.4
1855,"Aug",3.1
1855,"Sep",0
1855,"Oct",9.7
1855,"Nov",4.3
1855,"Dec",3.1
1856,"Jan",0.5
1856,"Feb",4.9
1856,"Mar",0.4
1856,"Apr",6.5
1856,"May",0
1856,"Jun",5
1856,"Jul",4.6
1856,"Aug",5.9
1856,"Sep",4.4
1856,"Oct",4.5
1856,"Nov",7.7
1856,"Dec",7.2
1857,"Jan",13.7
1857,"Feb",7.4
1857,"Mar",5.2
1857,"Apr",11.1
1857,"May",29.2
1857,"Jun",16
1857,"Jul",22.2
1857,"Aug",16.9
1857,"Sep",42.4
1857,"Oct",40.6
1857,"Nov",31.4
1857,"Dec",37.2
1858,"Jan",39
1858,"Feb",34.9
1858,"Mar",57.5
1858,"Apr",38.3
1858,"May",41.4
1858,"Jun",44.5
1858,"Jul",56.7
1858,"Aug",55.3
1858,"Sep",80.1
1858,"Oct",91.2
1858,"Nov",51.9
1858,"Dec",66.9
1859,"Jan",83.7
1859,"Feb",87.6
1859,"Mar",90.3
1859,"Apr",85.7
1859,"May",91
1859,"Jun",87.1
1859,"Jul",95.2
1859,"Aug",106.8
1859,"Sep",105.8
1859,"Oct",114.6
1859,"Nov",97.2
1859,"Dec",81
1860,"Jan",81.5
1860,"Feb",88
1860,"Mar",98.9
1860,"Apr",71.4
1860,"May",107.1
1860,"Jun",108.6
1860,"Jul",116.7
1860,"Aug",100.3
1860,"Sep",92.2
1860,"Oct",90.1
1860,"Nov",97.9
1860,"Dec",95.6
1861,"Jan",62.3
1861,"Feb",77.8
1861,"Mar",101
1861,"Apr",98.5
1861,"May",56.8
1861,"Jun",87.8
1861,"Jul",78
1861,"Aug",82.5
1861,"Sep",79.9
1861,"Oct",67.2
1861,"Nov",53.7
1861,"Dec",80.5
1862,"Jan",63.1
1862,"Feb",64.5
1862,"Mar",43.6
1862,"Apr",53.7
1862,"May",64.4
1862,"Jun",84
1862,"Jul",73.4
1862,"Aug",62.5
1862,"Sep",66.6
1862,"Oct",42
1862,"Nov",50.6
1862,"Dec",40.9
1863,"Jan",48.3
1863,"Feb",56.7
1863,"Mar",66.4
1863,"Apr",40.6
1863,"May",53.8
1863,"Jun",40.8
1863,"Jul",32.7
1863,"Aug",48.1
1863,"Sep",22
1863,"Oct",39.9
1863,"Nov",37.7
1863,"Dec",41.2
1864,"Jan",57.7
1864,"Feb",47.1
1864,"Mar",66.3
1864,"Apr",35.8
1864,"May",40.6
1864,"Jun",57.8
1864,"Jul",54.7
1864,"Aug",54.8
1864,"Sep",28.5
1864,"Oct",33.9
1864,"Nov",57.6
1864,"Dec",28.6
1865,"Jan",48.7
1865,"Feb",39.3
1865,"Mar",39.5
1865,"Apr",29.4
1865,"May",34.5
1865,"Jun",33.6
1865,"Jul",26.8
1865,"Aug",37.8
1865,"Sep",21.6
1865,"Oct",17.1
1865,"Nov",24.6
1865,"Dec",12.8
1866,"Jan",31.6
1866,"Feb",38.4
1866,"Mar",24.6
1866,"Apr",17.6
1866,"May",12.9
1866,"Jun",16.5
1866,"Jul",9.3
1866,"Aug",12.7
1866,"Sep",7.3
1866,"Oct",14.1
1866,"Nov",9
1866,"Dec",1.5
1867,"Jan",0
1867,"Feb",0.7
1867,"Mar",9.2
1867,"Apr",5.1
1867,"May",2.9
1867,"Jun",1.5
1867,"Jul",5
1867,"Aug",4.9
1867,"Sep",9.8
1867,"Oct",13.5
1867,"Nov",9.3
1867,"Dec",25.2
1868,"Jan",15.6
1868,"Feb",15.8
1868,"Mar",26.5
1868,"Apr",36.6
1868,"May",26.7
1868,"Jun",31.1
1868,"Jul",28.6
1868,"Aug",34.4
1868,"Sep",43.8
1868,"Oct",61.7
1868,"Nov",59.1
1868,"Dec",67.6
1869,"Jan",60.9
1869,"Feb",59.3
1869,"Mar",52.7
1869,"Apr",41
1869,"May",104
1869,"Jun",108.4
1869,"Jul",59.2
1869,"Aug",79.6
1869,"Sep",80.6
1869,"Oct",59.4
1869,"Nov",77.4
1869,"Dec",104.3
1870,"Jan",77.3
1870,"Feb",114.9
1870,"Mar",159.4
1870,"Apr",160
1870,"May",176
1870,"Jun",135.6
1870,"Jul",132.4
1870,"Aug",153.8
1870,"Sep",136
1870,"Oct",146.4
1870,"Nov",147.5
1870,"Dec",130
1871,"Jan",88.3
1871,"Feb",125.3
1871,"Mar",143.2
1871,"Apr",162.4
1871,"May",145.5
1871,"Jun",91.7
1871,"Jul",103
1871,"Aug",110
1871,"Sep",80.3
1871,"Oct",89
1871,"Nov",105.4
1871,"Dec",90.3
1872,"Jan",79.5
1872,"Feb",120.1
1872,"Mar",88.4
1872,"Apr",102.1
1872,"May",107.6
1872,"Jun",109.9
1872,"Jul",105.5
1872,"Aug",92.9
1872,"Sep",114.6
1872,"Oct",103.5
1872,"Nov",112
1872,"Dec",83.9
1873,"Jan",86.7
1873,"Feb",107
1873,"Mar",98.3
1873,"Apr",76.2
1873,"May",47.9
1873,"Jun",44.8
1873,"Jul",66.9
1873,"Aug",68.2
1873,"Sep",47.5
1873,"Oct",47.4
1873,"Nov",55.4
1873,"Dec",49.2
1874,"Jan",60.8
1874,"Feb",64.2
1874,"Mar",46.4
1874,"Apr",32
1874,"May",44.6
1874,"Jun",38.2
1874,"Jul",67.8
1874,"Aug",61.3
1874,"Sep",28
1874,"Oct",34.3
1874,"Nov",28.9
1874,"Dec",29.3
1875,"Jan",14.6
1875,"Feb",22.2
1875,"Mar",33.8
1875,"Apr",29.1
1875,"May",11.5
1875,"Jun",23.9
1875,"Jul",12.5
1875,"Aug",14.6
1875,"Sep",2.4
1875,"Oct",12.7
1875,"Nov",17.7
1875,"Dec",9.9
1876,"Jan",14.3
1876,"Feb",15
1876,"Mar",31.2
1876,"Apr",2.3
1876,"May",5.1
1876,"Jun",1.6
1876,"Jul",15.2
1876,"Aug",8.8
1876,"Sep",9.9
1876,"Oct",14.3
1876,"Nov",9.9
1876,"Dec",8.2
1877,"Jan",24.4
1877,"Feb",8.7
1877,"Mar",11.7
1877,"Apr",15.8
1877,"May",21.2
1877,"Jun",13.4
1877,"Jul",5.9
1877,"Aug",6.3
1877,"Sep",16.4
1877,"Oct",6.7
1877,"Nov",14.5
1877,"Dec",2.3
1878,"Jan",3.3
1878,"Feb",6
1878,"Mar",7.8
1878,"Apr",0.1
1878,"May",5.8
1878,"Jun",6.4
1878,"Jul",0.1
1878,"Aug",0
1878,"Sep",5.3
1878,"Oct",1.1
1878,"Nov",4.1
1878,"Dec",0.5
1879,"Jan",0.8
1879,"Feb",0.6
1879,"Mar",0
1879,"Apr",6.2
1879,"May",2.4
1879,"Jun",4.8
1879,"Jul",7.5
1879,"Aug",10.7
1879,"Sep",6.1
1879,"Oct",12.3
1879,"Nov",12.9
1879,"Dec",7.2
1880,"Jan",24
1880,"Feb",27.5
1880,"Mar",19.5
1880,"Apr",19.3
1880,"May",23.5
1880,"Jun",34.1
1880,"Jul",21.9
1880,"Aug",48.1
1880,"Sep",66
1880,"Oct",43
1880,"Nov",30.7
1880,"Dec",29.6
1881,"Jan",36.4
1881,"Feb",53.2
1881,"Mar",51.5
1881,"Apr",51.7
1881,"May",43.5
1881,"Jun",60.5
1881,"Jul",76.9
1881,"Aug",58
1881,"Sep",53.2
1881,"Oct",64
1881,"Nov",54.8
1881,"Dec",47.3
1882,"Jan",45
1882,"Feb",69.3
1882,"Mar",67.5
1882,"Apr",95.8
1882,"May",64.1
1882,"Jun",45.2
1882,"Jul",45.4
1882,"Aug",40.4
1882,"Sep",57.7
1882,"Oct",59.2
1882,"Nov",84.4
1882,"Dec",41.8
1883,"Jan",60.6
1883,"Feb",46.9
1883,"Mar",42.8
1883,"Apr",82.1
1883,"May",32.1
1883,"Jun",76.5
1883,"Jul",80.6
1883,"Aug",46
1883,"Sep",52.6
1883,"Oct",83.8
1883,"Nov",84.5
1883,"Dec",75.9
1884,"Jan",91.5
1884,"Feb",86.9
1884,"Mar",86.8
1884,"Apr",76.1
1884,"May",66.5
1884,"Jun",51.2
1884,"Jul",53.1
1884,"Aug",55.8
1884,"Sep",61.9
1884,"Oct",47.8
1884,"Nov",36.6
1884,"Dec",47.2
1885,"Jan",42.8
1885,"Feb",71.8
1885,"Mar",49.8
1885,"Apr",55
1885,"May",73
1885,"Jun",83.7
1885,"Jul",66.5
1885,"Aug",50
1885,"Sep",39.6
1885,"Oct",38.7
1885,"Nov",33.3
1885,"Dec",21.7
1886,"Jan",29.9
1886,"Feb",25.9
1886,"Mar",57.3
1886,"Apr",43.7
1886,"May",30.7
1886,"Jun",27.1
1886,"Jul",30.3
1886,"Aug",16.9
1886,"Sep",21.4
1886,"Oct",8.6
1886,"Nov",0.3
1886,"Dec",12.4
1887,"Jan",10.3
1887,"Feb",13.2
1887,"Mar",4.2
1887,"Apr",6.9
1887,"May",20
1887,"Jun",15.7
1887,"Jul",23.3
1887,"Aug",21.4
1887,"Sep",7.4
1887,"Oct",6.6
1887,"Nov",6.9
1887,"Dec",20.7
1888,"Jan",12.7
1888,"Feb",7.1
1888,"Mar",7.8
1888,"Apr",5.1
1888,"May",7
1888,"Jun",7.1
1888,"Jul",3.1
1888,"Aug",2.8
1888,"Sep",8.8
1888,"Oct",2.1
1888,"Nov",10.7
1888,"Dec",6.7
1889,"Jan",0.8
1889,"Feb",8.5
1889,"Mar",7
1889,"Apr",4.3
1889,"May",2.4
1889,"Jun",6.4
1889,"Jul",9.7
1889,"Aug",20.6
1889,"Sep",6.5
1889,"Oct",2.1
1889,"Nov",0.2
1889,"Dec",6.7
1890,"Jan",5.3
1890,"Feb",0.6
1890,"Mar",5.1
1890,"Apr",1.6
1890,"May",4.8
1890,"Jun",1.3
1890,"Jul",11.6
1890,"Aug",8.5
1890,"Sep",17.2
1890,"Oct",11.2
1890,"Nov",9.6
1890,"Dec",7.8
1891,"Jan",13.5
1891,"Feb",22.2
1891,"Mar",10.4
1891,"Apr",20.5
1891,"May",41.1
1891,"Jun",48.3
1891,"Jul",58.8
1891,"Aug",33.2
1891,"Sep",53.8
1891,"Oct",51.5
1891,"Nov",41.9
1891,"Dec",32.3
1892,"Jan",69.1
1892,"Feb",75.6
1892,"Mar",49.9
1892,"Apr",69.6
1892,"May",79.6
1892,"Jun",76.3
1892,"Jul",76.8
1892,"Aug",101.4
1892,"Sep",62.8
1892,"Oct",70.5
1892,"Nov",65.4
1892,"Dec",78.6
1893,"Jan",75
1893,"Feb",73
1893,"Mar",65.7
1893,"Apr",88.1
1893,"May",84.7
1893,"Jun",88.2
1893,"Jul",88.8
1893,"Aug",129.2
1893,"Sep",77.9
1893,"Oct",79.7
1893,"Nov",75.1
1893,"Dec",93.8
1894,"Jan",83.2
1894,"Feb",84.6
1894,"Mar",52.3
1894,"Apr",81.6
1894,"May",101.2
1894,"Jun",98.9
1894,"Jul",106
1894,"Aug",70.3
1894,"Sep",65.9
1894,"Oct",75.5
1894,"Nov",56.6
1894,"Dec",60
1895,"Jan",63.3
1895,"Feb",67.2
1895,"Mar",61
1895,"Apr",76.9
1895,"May",67.5
1895,"Jun",71.5
1895,"Jul",47.8
1895,"Aug",68.9
1895,"Sep",57.7
1895,"Oct",67.9
1895,"Nov",47.2
1895,"Dec",70.7
1896,"Jan",29
1896,"Feb",57.4
1896,"Mar",52
1896,"Apr",43.8
1896,"May",27.7
1896,"Jun",49
1896,"Jul",45
1896,"Aug",27.2
1896,"Sep",61.3
1896,"Oct",28.4
1896,"Nov",38
1896,"Dec",42.6
1897,"Jan",40.6
1897,"Feb",29.4
1897,"Mar",29.1
1897,"Apr",31
1897,"May",20
1897,"Jun",11.3
1897,"Jul",27.6
1897,"Aug",21.8
1897,"Sep",48.1
1897,"Oct",14.3
1897,"Nov",8.4
1897,"Dec",33.3
1898,"Jan",30.2
1898,"Feb",36.4
1898,"Mar",38.3
1898,"Apr",14.5
1898,"May",25.8
1898,"Jun",22.3
1898,"Jul",9
1898,"Aug",31.4
1898,"Sep",34.8
1898,"Oct",34.4
1898,"Nov",30.9
1898,"Dec",12.6
1899,"Jan",19.5
1899,"Feb",9.2
1899,"Mar",18.1
1899,"Apr",14.2
1899,"May",7.7
1899,"Jun",20.5
1899,"Jul",13.5
1899,"Aug",2.9
1899,"Sep",8.4
1899,"Oct",13
1899,"Nov",7.8
1899,"Dec",10.5
1900,"Jan",9.4
1900,"Feb",13.6
1900,"Mar",8.6
1900,"Apr",16
1900,"May",15.2
1900,"Jun",12.1
1900,"Jul",8.3
1900,"Aug",4.3
1900,"Sep",8.3
1900,"Oct",12.9
1900,"Nov",4.5
1900,"Dec",0.3
1901,"Jan",0.2
1901,"Feb",2.4
1901,"Mar",4.5
1901,"Apr",0
1901,"May",10.2
1901,"Jun",5.8
1901,"Jul",0.7
1901,"Aug",1
1901,"Sep",0.6
1901,"Oct",3.7
1901,"Nov",3.8
1901,"Dec",0
1902,"Jan",5.2
1902,"Feb",0
1902,"Mar",12.4
1902,"Apr",0
1902,"May",2.8
1902,"Jun",1.4
1902,"Jul",0.9
1902,"Aug",2.3
1902,"Sep",7.6
1902,"Oct",16.3
1902,"Nov",10.3
1902,"Dec",1.1
1903,"Jan",8.3
1903,"Feb",17
1903,"Mar",13.5
1903,"Apr",26.1
1903,"May",14.6
1903,"Jun",16.3
1903,"Jul",27.9
1903,"Aug",28.8
1903,"Sep",11.1
1903,"Oct",38.9
1903,"Nov",44.5
1903,"Dec",45.6
1904,"Jan",31.6
1904,"Feb",24.5
1904,"Mar",37.2
1904,"Apr",43
1904,"May",39.5
1904,"Jun",41.9
1904,"Jul",50.6
1904,"Aug",58.2
1904,"Sep",30.1
1904,"Oct",54.2
1904,"Nov",38
1904,"Dec",54.6
1905,"Jan",54.8
1905,"Feb",85.8
1905,"Mar",56.5
1905,"Apr",39.3
1905,"May",48
1905,"Jun",49
1905,"Jul",73
1905,"Aug",58.8
1905,"Sep",55
1905,"Oct",78.7
1905,"Nov",107.2
1905,"Dec",55.5
1906,"Jan",45.5
1906,"Feb",31.3
1906,"Mar",64.5
1906,"Apr",55.3
1906,"May",57.7
1906,"Jun",63.2
1906,"Jul",103.6
1906,"Aug",47.7
1906,"Sep",56.1
1906,"Oct",17.8
1906,"Nov",38.9
1906,"Dec",64.7
1907,"Jan",76.4
1907,"Feb",108.2
1907,"Mar",60.7
1907,"Apr",52.6
1907,"May",42.9
1907,"Jun",40.4
1907,"Jul",49.7
1907,"Aug",54.3
1907,"Sep",85
1907,"Oct",65.4
1907,"Nov",61.5
1907,"Dec",47.3
1908,"Jan",39.2
1908,"Feb",33.9
1908,"Mar",28.7
1908,"Apr",57.6
1908,"May",40.8
1908,"Jun",48.1
1908,"Jul",39.5
1908,"Aug",90.5
1908,"Sep",86.9
1908,"Oct",32.3
1908,"Nov",45.5
1908,"Dec",39.5
1909,"Jan",56.7
1909,"Feb",46.6
1909,"Mar",66.3
1909,"Apr",32.3
1909,"May",36
1909,"Jun",22.6
1909,"Jul",35.8
1909,"Aug",23.1
1909,"Sep",38.8
1909,"Oct",58.4
1909,"Nov",55.8
1909,"Dec",54.2
1910,"Jan",26.4
1910,"Feb",31.5
1910,"Mar",21.4
1910,"Apr",8.4
1910,"May",22.2
1910,"Jun",12.3
1910,"Jul",14.1
1910,"Aug",11.5
1910,"Sep",26.2
1910,"Oct",38.3
1910,"Nov",4.9
1910,"Dec",5.8
1911,"Jan",3.4
1911,"Feb",9
1911,"Mar",7.8
1911,"Apr",16.5
1911,"May",9
1911,"Jun",2.2
1911,"Jul",3.5
1911,"Aug",4
1911,"Sep",4
1911,"Oct",2.6
1911,"Nov",4.2
1911,"Dec",2.2
1912,"Jan",0.3
1912,"Feb",0
1912,"Mar",4.9
1912,"Apr",4.5
1912,"May",4.4
1912,"Jun",4.1
1912,"Jul",3
1912,"Aug",0.3
1912,"Sep",9.5
1912,"Oct",4.6
1912,"Nov",1.1
1912,"Dec",6.4
1913,"Jan",2.3
1913,"Feb",2.9
1913,"Mar",0.5
1913,"Apr",0.9
1913,"May",0
1913,"Jun",0
1913,"Jul",1.7
1913,"Aug",0.2
1913,"Sep",1.2
1913,"Oct",3.1
1913,"Nov",0.7
1913,"Dec",3.8
1914,"Jan",2.8
1914,"Feb",2.6
1914,"Mar",3.1
1914,"Apr",17.3
1914,"May",5.2
1914,"Jun",11.4
1914,"Jul",5.4
1914,"Aug",7.7
1914,"Sep",12.7
1914,"Oct",8.2
1914,"Nov",16.4
1914,"Dec",22.3
1915,"Jan",23
1915,"Feb",42.3
1915,"Mar",38.8
1915,"Apr",41.3
1915,"May",33
1915,"Jun",68.8
1915,"Jul",71.6
1915,"Aug",69.6
1915,"Sep",49.5
1915,"Oct",53.5
1915,"Nov",42.5
1915,"Dec",34.5
1916,"Jan",45.3
1916,"Feb",55.4
1916,"Mar",67
1916,"Apr",71.8
1916,"May",74.5
1916,"Jun",67.7
1916,"Jul",53.5
1916,"Aug",35.2
1916,"Sep",45.1
1916,"Oct",50.7
1916,"Nov",65.6
1916,"Dec",53
1917,"Jan",74.7
1917,"Feb",71.9
1917,"Mar",94.8
1917,"Apr",74.7
1917,"May",114.1
1917,"Jun",114.9
1917,"Jul",119.8
1917,"Aug",154.5
1917,"Sep",129.4
1917,"Oct",72.2
1917,"Nov",96.4
1917,"Dec",129.3
1918,"Jan",96
1918,"Feb",65.3
1918,"Mar",72.2
1918,"Apr",80.5
1918,"May",76.7
1918,"Jun",59.4
1918,"Jul",107.6
1918,"Aug",101.7
1918,"Sep",79.9
1918,"Oct",85
1918,"Nov",83.4
1918,"Dec",59.2
1919,"Jan",48.1
1919,"Feb",79.5
1919,"Mar",66.5
1919,"Apr",51.8
1919,"May",88.1
1919,"Jun",111.2
1919,"Jul",64.7
1919,"Aug",69
1919,"Sep",54.7
1919,"Oct",52.8
1919,"Nov",42
1919,"Dec",34.9
1920,"Jan",51.1
1920,"Feb",53.9
1920,"Mar",70.2
1920,"Apr",14.8
1920,"May",33.3
1920,"Jun",38.7
1920,"Jul",27.5
1920,"Aug",19.2
1920,"Sep",36.3
1920,"Oct",49.6
1920,"Nov",27.2
1920,"Dec",29.9
1921,"Jan",31.5
1921,"Feb",28.3
1921,"Mar",26.7
1921,"Apr",32.4
1921,"May",22.2
1921,"Jun",33.7
1921,"Jul",41.9
1921,"Aug",22.8
1921,"Sep",17.8
1921,"Oct",18.2
1921,"Nov",17.8
1921,"Dec",20.3
1922,"Jan",11.8
1922,"Feb",26.4
1922,"Mar",54.7
1922,"Apr",11
1922,"May",8
1922,"Jun",5.8
1922,"Jul",10.9
1922,"Aug",6.5
1922,"Sep",4.7
1922,"Oct",6.2
1922,"Nov",7.4
1922,"Dec",17.5
1923,"Jan",4.5
1923,"Feb",1.5
1923,"Mar",3.3
1923,"Apr",6.1
1923,"May",3.2
1923,"Jun",9.1
1923,"Jul",3.5
1923,"Aug",0.5
1923,"Sep",13.2
1923,"Oct",11.6
1923,"Nov",10
1923,"Dec",2.8
1924,"Jan",0.5
1924,"Feb",5.1
1924,"Mar",1.8
1924,"Apr",11.3
1924,"May",20.8
1924,"Jun",24
1924,"Jul",28.1
1924,"Aug",19.3
1924,"Sep",25.1
1924,"Oct",25.6
1924,"Nov",22.5
1924,"Dec",16.5
1925,"Jan",5.5
1925,"Feb",23.2
1925,"Mar",18
1925,"Apr",31.7
1925,"May",42.8
1925,"Jun",47.5
1925,"Jul",38.5
1925,"Aug",37.9
1925,"Sep",60.2
1925,"Oct",69.2
1925,"Nov",58.6
1925,"Dec",98.6
1926,"Jan",71.8
1926,"Feb",70
1926,"Mar",62.5
1926,"Apr",38.5
1926,"May",64.3
1926,"Jun",73.5
1926,"Jul",52.3
1926,"Aug",61.6
1926,"Sep",60.8
1926,"Oct",71.5
1926,"Nov",60.5
1926,"Dec",79.4
1927,"Jan",81.6
1927,"Feb",93
1927,"Mar",69.6
1927,"Apr",93.5
1927,"May",79.1
1927,"Jun",59.1
1927,"Jul",54.9
1927,"Aug",53.8
1927,"Sep",68.4
1927,"Oct",63.1
1927,"Nov",67.2
1927,"Dec",45.2
1928,"Jan",83.5
1928,"Feb",73.5
1928,"Mar",85.4
1928,"Apr",80.6
1928,"May",76.9
1928,"Jun",91.4
1928,"Jul",98
1928,"Aug",83.8
1928,"Sep",89.7
1928,"Oct",61.4
1928,"Nov",50.3
1928,"Dec",59
1929,"Jan",68.9
1929,"Feb",64.1
1929,"Mar",50.2
1929,"Apr",52.8
1929,"May",58.2
1929,"Jun",71.9
1929,"Jul",70.2
1929,"Aug",65.8
1929,"Sep",34.4
1929,"Oct",54
1929,"Nov",81.1
1929,"Dec",108
1930,"Jan",65.3
1930,"Feb",49.2
1930,"Mar",35
1930,"Apr",38.2
1930,"May",36.8
1930,"Jun",28.8
1930,"Jul",21.9
1930,"Aug",24.9
1930,"Sep",32.1
1930,"Oct",34.4
1930,"Nov",35.6
1930,"Dec",25.8
1931,"Jan",14.6
1931,"Feb",43.1
1931,"Mar",30
1931,"Apr",31.2
1931,"May",24.6
1931,"Jun",15.3
1931,"Jul",17.4
1931,"Aug",13
1931,"Sep",19
1931,"Oct",10
1931,"Nov",18.7
1931,"Dec",17.8
1932,"Jan",12.1
1932,"Feb",10.6
1932,"Mar",11.2
1932,"Apr",11.2
1932,"May",17.9
1932,"Jun",22.2
1932,"Jul",9.6
1932,"Aug",6.8
1932,"Sep",4
1932,"Oct",8.9
1932,"Nov",8.2
1932,"Dec",11
1933,"Jan",12.3
1933,"Feb",22.2
1933,"Mar",10.1
1933,"Apr",2.9
1933,"May",3.2
1933,"Jun",5.2
1933,"Jul",2.8
1933,"Aug",0.2
1933,"Sep",5.1
1933,"Oct",3
1933,"Nov",0.6
1933,"Dec",0.3
1934,"Jan",3.4
1934,"Feb",7.8
1934,"Mar",4.3
1934,"Apr",11.3
1934,"May",19.7
1934,"Jun",6.7
1934,"Jul",9.3
1934,"Aug",8.3
1934,"Sep",4
1934,"Oct",5.7
1934,"Nov",8.7
1934,"Dec",15.4
1935,"Jan",18.9
1935,"Feb",20.5
1935,"Mar",23.1
1935,"Apr",12.2
1935,"May",27.3
1935,"Jun",45.7
1935,"Jul",33.9
1935,"Aug",30.1
1935,"Sep",42.1
1935,"Oct",53.2
1935,"Nov",64.2
1935,"Dec",61.5
1936,"Jan",62.8
1936,"Feb",74.3
1936,"Mar",77.1
1936,"Apr",74.9
1936,"May",54.6
1936,"Jun",70
1936,"Jul",52.3
1936,"Aug",87
1936,"Sep",76
1936,"Oct",89
1936,"Nov",115.4
1936,"Dec",123.4
1937,"Jan",132.5
1937,"Feb",128.5
1937,"Mar",83.9
1937,"Apr",109.3
1937,"May",116.7
1937,"Jun",130.3
1937,"Jul",145.1
1937,"Aug",137.7
1937,"Sep",100.7
1937,"Oct",124.9
1937,"Nov",74.4
1937,"Dec",88.8
1938,"Jan",98.4
1938,"Feb",119.2
1938,"Mar",86.5
1938,"Apr",101
1938,"May",127.4
1938,"Jun",97.5
1938,"Jul",165.3
1938,"Aug",115.7
1938,"Sep",89.6
1938,"Oct",99.1
1938,"Nov",122.2
1938,"Dec",92.7
1939,"Jan",80.3
1939,"Feb",77.4
1939,"Mar",64.6
1939,"Apr",109.1
1939,"May",118.3
1939,"Jun",101
1939,"Jul",97.6
1939,"Aug",105.8
1939,"Sep",112.6
1939,"Oct",88.1
1939,"Nov",68.1
1939,"Dec",42.1
1940,"Jan",50.5
1940,"Feb",59.4
1940,"Mar",83.3
1940,"Apr",60.7
1940,"May",54.4
1940,"Jun",83.9
1940,"Jul",67.5
1940,"Aug",105.5
1940,"Sep",66.5
1940,"Oct",55
1940,"Nov",58.4
1940,"Dec",68.3
1941,"Jan",45.6
1941,"Feb",44.5
1941,"Mar",46.4
1941,"Apr",32.8
1941,"May",29.5
1941,"Jun",59.8
1941,"Jul",66.9
1941,"Aug",60
1941,"Sep",65.9
1941,"Oct",46.3
1941,"Nov",38.3
1941,"Dec",33.7
1942,"Jan",35.6
1942,"Feb",52.8
1942,"Mar",54.2
1942,"Apr",60.7
1942,"May",25
1942,"Jun",11.4
1942,"Jul",17.7
1942,"Aug",20.2
1942,"Sep",17.2
1942,"Oct",19.2
1942,"Nov",30.7
1942,"Dec",22.5
1943,"Jan",12.4
1943,"Feb",28.9
1943,"Mar",27.4
1943,"Apr",26.1
1943,"May",14.1
1943,"Jun",7.6
1943,"Jul",13.2
1943,"Aug",19.4
1943,"Sep",10
1943,"Oct",7.8
1943,"Nov",10.2
1943,"Dec",18.8
1944,"Jan",3.7
1944,"Feb",0.5
1944,"Mar",11
1944,"Apr",0.3
1944,"May",2.5
1944,"Jun",5
1944,"Jul",5
1944,"Aug",16.7
1944,"Sep",14.3
1944,"Oct",16.9
1944,"Nov",10.8
1944,"Dec",28.4
1945,"Jan",18.5
1945,"Feb",12.7
1945,"Mar",21.5
1945,"Apr",32
1945,"May",30.6
1945,"Jun",36.2
1945,"Jul",42.6
1945,"Aug",25.9
1945,"Sep",34.9
1945,"Oct",68.8
1945,"Nov",46
1945,"Dec",27.4
1946,"Jan",47.6
1946,"Feb",86.2
1946,"Mar",76.6
1946,"Apr",75.7
1946,"May",84.9
1946,"Jun",73.5
1946,"Jul",116.2
1946,"Aug",107.2
1946,"Sep",94.4
1946,"Oct",102.3
1946,"Nov",123.8
1946,"Dec",121.7
1947,"Jan",115.7
1947,"Feb",113.4
1947,"Mar",129.8
1947,"Apr",149.8
1947,"May",201.3
1947,"Jun",163.9
1947,"Jul",157.9
1947,"Aug",188.8
1947,"Sep",169.4
1947,"Oct",163.6
1947,"Nov",128
1947,"Dec",116.5
1948,"Jan",108.5
1948,"Feb",86.1
1948,"Mar",94.8
1948,"Apr",189.7
1948,"May",174
1948,"Jun",167.8
1948,"Jul",142.2
1948,"Aug",157.9
1948,"Sep",143.3
1948,"Oct",136.3
1948,"Nov",95.8
1948,"Dec",138
1949,"Jan",119.1
1949,"Feb",182.3
1949,"Mar",157.5
1949,"Apr",147
1949,"May",106.2
1949,"Jun",121.7
1949,"Jul",125.8
1949,"Aug",123.8
1949,"Sep",145.3
1949,"Oct",131.6
1949,"Nov",143.5
1949,"Dec",117.6
1950,"Jan",101.6
1950,"Feb",94.8
1950,"Mar",109.7
1950,"Apr",113.4
1950,"May",106.2
1950,"Jun",83.6
1950,"Jul",91
1950,"Aug",85.2
1950,"Sep",51.3
1950,"Oct",61.4
1950,"Nov",54.8
1950,"Dec",54.1
1951,"Jan",59.9
1951,"Feb",59.9
1951,"Mar",59.9
1951,"Apr",92.9
1951,"May",108.5
1951,"Jun",100.6
1951,"Jul",61.5
1951,"Aug",61
1951,"Sep",83.1
1951,"Oct",51.6
1951,"Nov",52.4
1951,"Dec",45.8
1952,"Jan",40.7
1952,"Feb",22.7
1952,"Mar",22
1952,"Apr",29.1
1952,"May",23.4
1952,"Jun",36.4
1952,"Jul",39.3
1952,"Aug",54.9
1952,"Sep",28.2
1952,"Oct",23.8
1952,"Nov",22.1
1952,"Dec",34.3
1953,"Jan",26.5
1953,"Feb",3.9
1953,"Mar",10
1953,"Apr",27.8
1953,"May",12.5
1953,"Jun",21.8
1953,"Jul",8.6
1953,"Aug",23.5
1953,"Sep",19.3
1953,"Oct",8.2
1953,"Nov",1.6
1953,"Dec",2.5
1954,"Jan",0.2
1954,"Feb",0.5
1954,"Mar",10.9
1954,"Apr",1.8
1954,"May",0.8
1954,"Jun",0.2
1954,"Jul",4.8
1954,"Aug",8.4
1954,"Sep",1.5
1954,"Oct",7
1954,"Nov",9.2
1954,"Dec",7.6
1955,"Jan",23.1
1955,"Feb",20.8
1955,"Mar",4.9
1955,"Apr",11.3
1955,"May",28.9
1955,"Jun",31.7
1955,"Jul",26.7
1955,"Aug",40.7
1955,"Sep",42.7
1955,"Oct",58.5
1955,"Nov",89.2
1955,"Dec",76.9
1956,"Jan",73.6
1956,"Feb",124
1956,"Mar",118.4
1956,"Apr",110.7
1956,"May",136.6
1956,"Jun",116.6
1956,"Jul",129.1
1956,"Aug",169.6
1956,"Sep",173.2
1956,"Oct",155.3
1956,"Nov",201.3
1956,"Dec",192.1
1957,"Jan",165
1957,"Feb",130.2
1957,"Mar",157.4
1957,"Apr",175.2
1957,"May",164.6
1957,"Jun",200.7
1957,"Jul",187.2
1957,"Aug",158
1957,"Sep",235.8
1957,"Oct",253.8
1957,"Nov",210.9
1957,"Dec",239.4
1958,"Jan",202.5
1958,"Feb",164.9
1958,"Mar",190.7
1958,"Apr",196
1958,"May",175.3
1958,"Jun",171.5
1958,"Jul",191.4
1958,"Aug",200.2
1958,"Sep",201.2
1958,"Oct",181.5
1958,"Nov",152.3
1958,"Dec",187.6
1959,"Jan",217.4
1959,"Feb",143.1
1959,"Mar",185.7
1959,"Apr",163.3
1959,"May",172
1959,"Jun",168.7
1959,"Jul",149.6
1959,"Aug",199.6
1959,"Sep",145.2
1959,"Oct",111.4
1959,"Nov",124
1959,"Dec",125
1960,"Jan",146.3
1960,"Feb",106
1960,"Mar",102.2
1960,"Apr",122
1960,"May",119.6
1960,"Jun",110.2
1960,"Jul",121.7
1960,"Aug",134.1
1960,"Sep",127.2
1960,"Oct",82.8
1960,"Nov",89.6
1960,"Dec",85.6
1961,"Jan",57.9
1961,"Feb",46.1
1961,"Mar",53
1961,"Apr",61.4
1961,"May",51
1961,"Jun",77.4
1961,"Jul",70.2
1961,"Aug",55.9
1961,"Sep",63.6
1961,"Oct",37.7
1961,"Nov",32.6
1961,"Dec",40
1962,"Jan",38.7
1962,"Feb",50.3
1962,"Mar",45.6
1962,"Apr",46.4
1962,"May",43.7
1962,"Jun",42
1962,"Jul",21.8
1962,"Aug",21.8
1962,"Sep",51.3
1962,"Oct",39.5
1962,"Nov",26.9
1962,"Dec",23.2
1963,"Jan",19.8
1963,"Feb",24.4
1963,"Mar",17.1
1963,"Apr",29.3
1963,"May",43
1963,"Jun",35.9
1963,"Jul",19.6
1963,"Aug",33.2
1963,"Sep",38.8
1963,"Oct",35.3
1963,"Nov",23.4
1963,"Dec",14.9
1964,"Jan",15.3
1964,"Feb",17.7
1964,"Mar",16.5
1964,"Apr",8.6
1964,"May",9.5
1964,"Jun",9.1
1964,"Jul",3.1
1964,"Aug",9.3
1964,"Sep",4.7
1964,"Oct",6.1
1964,"Nov",7.4
1964,"Dec",15.1
1965,"Jan",17.5
1965,"Feb",14.2
1965,"Mar",11.7
1965,"Apr",6.8
1965,"May",24.1
1965,"Jun",15.9
1965,"Jul",11.9
1965,"Aug",8.9
1965,"Sep",16.8
1965,"Oct",20.1
1965,"Nov",15.8
1965,"Dec",17
1966,"Jan",28.2
1966,"Feb",24.4
1966,"Mar",25.3
1966,"Apr",48.7
1966,"May",45.3
1966,"Jun",47.7
1966,"Jul",56.7
1966,"Aug",51.2
1966,"Sep",50.2
1966,"Oct",57.2
1966,"Nov",57.2
1966,"Dec",70.4
1967,"Jan",110.9
1967,"Feb",93.6
1967,"Mar",111.8
1967,"Apr",69.5
1967,"May",86.5
1967,"Jun",67.3
1967,"Jul",91.5
1967,"Aug",107.2
1967,"Sep",76.8
1967,"Oct",88.2
1967,"Nov",94.3
1967,"Dec",126.4
1968,"Jan",121.8
1968,"Feb",111.9
1968,"Mar",92.2
1968,"Apr",81.2
1968,"May",127.2
1968,"Jun",110.3
1968,"Jul",96.1
1968,"Aug",109.3
1968,"Sep",117.2
1968,"Oct",107.7
1968,"Nov",86
1968,"Dec",109.8
1969,"Jan",104.4
1969,"Feb",120.5
1969,"Mar",135.8
1969,"Apr",106.8
1969,"May",120
1969,"Jun",106
1969,"Jul",96.8
1969,"Aug",98
1969,"Sep",91.3
1969,"Oct",95.7
1969,"Nov",93.5
1969,"Dec",97.9
1970,"Jan",111.5
1970,"Feb",127.8
1970,"Mar",102.9
1970,"Apr",109.5
1970,"May",127.5
1970,"Jun",106.8
1970,"Jul",112.5
1970,"Aug",93
1970,"Sep",99.5
1970,"Oct",86.6
1970,"Nov",95.2
1970,"Dec",83.5
1971,"Jan",91.3
1971,"Feb",79
1971,"Mar",60.7
1971,"Apr",71.8
1971,"May",57.5
1971,"Jun",49.8
1971,"Jul",81
1971,"Aug",61.4
1971,"Sep",50.2
1971,"Oct",51.7
1971,"Nov",63.2
1971,"Dec",82.2
1972,"Jan",61.5
1972,"Feb",88.4
1972,"Mar",80.1
1972,"Apr",63.2
1972,"May",80.5
1972,"Jun",88
1972,"Jul",76.5
1972,"Aug",76.8
1972,"Sep",64
1972,"Oct",61.3
1972,"Nov",41.6
1972,"Dec",45.3
1973,"Jan",43.4
1973,"Feb",42.9
1973,"Mar",46
1973,"Apr",57.7
1973,"May",42.4
1973,"Jun",39.5
1973,"Jul",23.1
1973,"Aug",25.6
1973,"Sep",59.3
1973,"Oct",30.7
1973,"Nov",23.9
1973,"Dec",23.3
1974,"Jan",27.6
1974,"Feb",26
1974,"Mar",21.3
1974,"Apr",40.3
1974,"May",39.5
1974,"Jun",36
1974,"Jul",55.8
1974,"Aug",33.6
1974,"Sep",40.2
1974,"Oct",47.1
1974,"Nov",25
1974,"Dec",20.5
1975,"Jan",18.9
1975,"Feb",11.5
1975,"Mar",11.5
1975,"Apr",5.1
1975,"May",9
1975,"Jun",11.4
1975,"Jul",28.2
1975,"Aug",39.7
1975,"Sep",13.9
1975,"Oct",9.1
1975,"Nov",19.4
1975,"Dec",7.8
1976,"Jan",8.1
1976,"Feb",4.3
1976,"Mar",21.9
1976,"Apr",18.8
1976,"May",12.4
1976,"Jun",12.2
1976,"Jul",1.9
1976,"Aug",16.4
1976,"Sep",13.5
1976,"Oct",20.6
1976,"Nov",5.2
1976,"Dec",15.3
1977,"Jan",16.4
1977,"Feb",23.1
1977,"Mar",8.7
1977,"Apr",12.9
1977,"May",18.6
1977,"Jun",38.5
1977,"Jul",21.4
1977,"Aug",30.1
1977,"Sep",44
1977,"Oct",43.8
1977,"Nov",29.1
1977,"Dec",43.2
1978,"Jan",51.9
1978,"Feb",93.6
1978,"Mar",76.5
1978,"Apr",99.7
1978,"May",82.7
1978,"Jun",95.1
1978,"Jul",70.4
1978,"Aug",58.1
1978,"Sep",138.2
1978,"Oct",125.1
1978,"Nov",97.9
1978,"Dec",122.7
1979,"Jan",166.6
1979,"Feb",137.5
1979,"Mar",138
1979,"Apr",101.5
1979,"May",134.4
1979,"Jun",149.5
1979,"Jul",159.4
1979,"Aug",142.2
1979,"Sep",188.4
1979,"Oct",186.2
1979,"Nov",183.3
1979,"Dec",176.3
1980,"Jan",159.6
1980,"Feb",155
1980,"Mar",126.2
1980,"Apr",164.1
1980,"May",179.9
1980,"Jun",157.3
1980,"Jul",136.3
1980,"Aug",135.4
1980,"Sep",155
1980,"Oct",164.7
1980,"Nov",147.9
1980,"Dec",174.4
1981,"Jan",114
1981,"Feb",141.3
1981,"Mar",135.5
1981,"Apr",156.4
1981,"May",127.5
1981,"Jun",90
1981,"Jul",143.8
1981,"Aug",158.7
1981,"Sep",167.3
1981,"Oct",162.4
1981,"Nov",137.5
1981,"Dec",150.1
1982,"Jan",111.2
1982,"Feb",163.6
1982,"Mar",153.8
1982,"Apr",122
1982,"May",82.2
1982,"Jun",110.4
1982,"Jul",106.1
1982,"Aug",107.6
1982,"Sep",118.8
1982,"Oct",94.7
1982,"Nov",98.1
1982,"Dec",127
1983,"Jan",84.3
1983,"Feb",51
1983,"Mar",66.5
1983,"Apr",80.7
1983,"May",99.2
1983,"Jun",91.1
1983,"Jul",82.2
1983,"Aug",71.8
1983,"Sep",50.3
1983,"Oct",55.8
1983,"Nov",33.3
1983,"Dec",33.4
